pair_id,engine,input_id,source_kind,modality,operation,checkpoint_index,checkpoint,status,coverage_status,feature_reuse_decision,reason,checkpoint_record_sha256,max_corner_error_mm,max_intensity_error,nominal_mismatched_intensity_voxels,nominal_mismatched_roi_voxels,ambiguous_intensity_voxels,ambiguous_roi_voxels,violating_intensity_voxels,violating_roi_voxels,candidate_roi_voxels,position_check,intensity_check,roi_check,source_roi_outside_candidate_fov,source_roi_definitely_outside_candidate_fov,source_roi_centres_near_fov_boundary
mirp|synthetic_921101|identity,mirp,synthetic_921101,synthetic,mr,identity,0,original_image_export_after_extraction,satisfied,satisfied,requires_reextraction,,8ca790e8958f67a5873bc7e244b09ee584e79f6cb45a6ef5598407dd2b23660a,0.0,0.0,0,0,0,0,0,0,1654,True,True,True,0,0,0
mirp|synthetic_921101|cubic_1p3,mirp,synthetic_921101,synthetic,mr,cubic_1p3,0,original_image_export_after_extraction,satisfied,satisfied,requires_reextraction,,bb24709c560993a192cc06a31f5f394bfaae210f856f707d92092c3734bf37b5,7.778695046135979e-15,0.0,0,0,0,0,0,0,2144,True,True,True,0,0,0
mirp|synthetic_921101|linear_1p3,mirp,synthetic_921101,synthetic,mr,linear_1p3,0,original_image_export_after_extraction,satisfied,satisfied,requires_reextraction,,fa0d0a9b40e0081447c0954cfd303ac2d00466cb9065eb083526b78d0723cefd,7.778695046135979e-15,0.0,0,0,0,0,0,0,2144,True,True,True,0,0,0
mirp|synthetic_921102|identity,mirp,synthetic_921102,synthetic,mr,identity,0,original_image_export_after_extraction,satisfied,satisfied,requires_reextraction,,559da5c69a9bbd618942bf4ff56f0d02628414ccf3017ab544edce0fd2b91e52,0.0,0.0,0,0,0,0,0,0,2177,True,True,True,0,0,0
mirp|synthetic_921102|cubic_1p3,mirp,synthetic_921102,synthetic,mr,cubic_1p3,0,original_image_export_after_extraction,satisfied,satisfied,requires_reextraction,,3e2db71c58b50bf0f9c1ca4c82ec309cb34fa56230b7b7c015480f6118e0fabe,1.0110347025910704e-14,0.0,0,0,0,0,0,0,2602,True,True,True,0,0,0
mirp|synthetic_921102|linear_1p3,mirp,synthetic_921102,synthetic,mr,linear_1p3,0,original_image_export_after_extraction,satisfied,satisfied,requires_reextraction,,8938be351e65a8d415ab5ba8249e1100551770f57acdae6594db9c2dee46c78e,1.0110347025910704e-14,1.52587890625e-05,0,0,0,0,0,0,2602,True,True,True,0,0,0
mirp|synthetic_921103|identity,mirp,synthetic_921103,synthetic,mr,identity,0,original_image_export_after_extraction,satisfied,satisfied,requires_reextraction,,7b29b5744930f4fdca10ee357da03a78f975c178921979134d018dd649a263a1,0.0,0.0,0,0,0,0,0,0,2629,True,True,True,0,0,0
mirp|synthetic_921103|cubic_1p3,mirp,synthetic_921103,synthetic,mr,cubic_1p3,0,original_image_export_after_extraction,satisfied,satisfied,requires_reextraction,,0fcbda3ae2d0bbed141e8275cf02d72703e5af3b4c7a730a5c07c9eb2182ace6,7.105427357601002e-15,0.0,0,0,0,0,0,0,4258,True,True,True,0,0,0
mirp|synthetic_921103|linear_1p3,mirp,synthetic_921103,synthetic,mr,linear_1p3,0,original_image_export_after_extraction,satisfied,satisfied,requires_reextraction,,7d4fc9ee483b3409fdb447ffcd00ea387f811ac3d8032f831e49fb354bbf5336,7.105427357601002e-15,0.0,0,0,0,0,0,0,4258,True,True,True,0,0,0
mirp|synthetic_921104|identity,mirp,synthetic_921104,synthetic,mr,identity,0,original_image_export_after_extraction,satisfied,satisfied,requires_reextraction,,446ee5129b9d1aa5bf44dec32480000ee14413731266f582ce5404498d4b65f8,0.0,0.0,0,0,0,0,0,0,2161,True,True,True,0,0,0
mirp|synthetic_921104|cubic_1p3,mirp,synthetic_921104,synthetic,mr,cubic_1p3,0,original_image_export_after_extraction,satisfied,satisfied,requires_reextraction,,a7a28b94ea8b2a752b51a99ffcc70a8faa0f64785342734126e0f4990fd73cea,8.036856854696453e-15,0.0,0,0,0,0,0,0,3138,True,True,True,0,0,0
mirp|synthetic_921104|linear_1p3,mirp,synthetic_921104,synthetic,mr,linear_1p3,0,original_image_export_after_extraction,satisfied,satisfied,requires_reextraction,,0db798024471c0221bab17a04a9228d0ae0e7fc7a994a141c8820ab45d0a8b9d,8.036856854696453e-15,0.0,0,0,0,0,0,0,3138,True,True,True,0,0,0
mirp|synthetic_921105|identity,mirp,synthetic_921105,synthetic,mr,identity,0,original_image_export_after_extraction,satisfied,satisfied,requires_reextraction,,a45f6c0b42f0a63c4a8114cf4e2a5fddf38a94348dd9a244cf91aab3279c0b17,0.0,0.0,0,0,0,0,0,0,1711,True,True,True,0,0,0
mirp|synthetic_921105|cubic_1p3,mirp,synthetic_921105,synthetic,mr,cubic_1p3,0,original_image_export_after_extraction,satisfied,satisfied,requires_reextraction,,6c6f0105a11f557ea911e2e2396b150612eb8f9bbcac73bbe382ad69f9715564,1.1003116764628474e-14,0.0,0,0,0,0,0,0,2150,True,True,True,0,0,0
mirp|synthetic_921105|linear_1p3,mirp,synthetic_921105,synthetic,mr,linear_1p3,0,original_image_export_after_extraction,satisfied,satisfied,requires_reextraction,,b93e34f546f84c0d66cb4d838bd5d3d4555a5852bbf1365cc0a6a8df03e35412,1.1003116764628474e-14,0.0,0,0,0,0,0,0,2150,True,True,True,0,0,0
mirp|synthetic_921106|identity,mirp,synthetic_921106,synthetic,mr,identity,0,original_image_export_after_extraction,satisfied,satisfied,requires_reextraction,,dadf79c6574ee2f1b7ca33c0f1e7a871d80ca1cd1693102433abbd479fb5b218,0.0,0.0,0,0,0,0,0,0,2504,True,True,True,0,0,0
mirp|synthetic_921106|cubic_1p3,mirp,synthetic_921106,synthetic,mr,cubic_1p3,0,original_image_export_after_extraction,satisfied,satisfied,requires_reextraction,,7c5b2c2c74e2fbd5231fdad09dcf7ead4cf11a1d930e93aaf6b2b0d5bbd94d11,1.609823385706477e-15,0.0,0,0,0,0,0,0,3829,True,True,True,0,0,0
mirp|synthetic_921106|linear_1p3,mirp,synthetic_921106,synthetic,mr,linear_1p3,0,original_image_export_after_extraction,satisfied,satisfied,requires_reextraction,,a205b9df21890ea71e89f9e731644b2b7ca56b03c0153e4c5e74296b1f35d998,1.609823385706477e-15,0.0,0,0,0,0,0,0,3829,True,True,True,0,0,0
mirp|synthetic_921107|identity,mirp,synthetic_921107,synthetic,mr,identity,0,original_image_export_after_extraction,satisfied,satisfied,requires_reextraction,,f187dc8f41c71a122451039683139708e940279cb3f96d640c056e16f9c1a875,0.0,0.0,0,0,0,0,0,0,2251,True,True,True,0,0,0
mirp|synthetic_921107|cubic_1p3,mirp,synthetic_921107,synthetic,mr,cubic_1p3,0,original_image_export_after_extraction,satisfied,satisfied,requires_reextraction,,0416b04638ca06c1b8665e17633a79e8d1e9508d67bf0ee93ed19091a65b2248,1.8367062109841608e-14,0.0,0,0,0,0,0,0,3192,True,True,True,0,0,0
mirp|synthetic_921107|linear_1p3,mirp,synthetic_921107,synthetic,mr,linear_1p3,0,original_image_export_after_extraction,satisfied,satisfied,requires_reextraction,,24c57742d24ddf0a4e6ab93b9b9acc26c540cb7fd7f9b7476f1f0ef6562ca842,1.8367062109841608e-14,7.62939453125e-06,0,0,0,0,0,0,3192,True,True,True,0,0,0
mirp|synthetic_921108|identity,mirp,synthetic_921108,synthetic,mr,identity,0,original_image_export_after_extraction,satisfied,satisfied,requires_reextraction,,c9a22413e86bc9449834b9a306bcf600eebb61b97e160bb81417e7d5bd80ebef,0.0,0.0,0,0,0,0,0,0,2793,True,True,True,0,0,0
mirp|synthetic_921108|cubic_1p3,mirp,synthetic_921108,synthetic,mr,cubic_1p3,0,original_image_export_after_extraction,satisfied,satisfied,requires_reextraction,,976f7e711c69dd88e3c7f274c738a23bd98c61b189172c1c2160ae1356299b63,1.1874748720719677e-14,0.0,0,0,0,0,0,0,3212,True,True,True,0,0,0
mirp|synthetic_921108|linear_1p3,mirp,synthetic_921108,synthetic,mr,linear_1p3,0,original_image_export_after_extraction,satisfied,satisfied,requires_reextraction,,fd2f3aaa8a1b44f08acd0f89ecea560bd2655eb1ec717cf3e7f6c27657228fac,1.1874748720719677e-14,0.0,0,0,0,0,0,0,3212,True,True,True,0,0,0
mirp|hippocampus_287|identity,mirp,hippocampus_287,public_anatomical,mr,identity,0,original_image_export_after_extraction,satisfied,satisfied,requires_reextraction,,9bc23cc79f16d4c91ad94c20eaddf7a8b33990cb1052649df307b29ad2b098f8,0.0,0.0,0,0,0,0,0,0,1766,True,True,True,0,0,0
mirp|hippocampus_287|cubic_1p3,mirp,hippocampus_287,public_anatomical,mr,cubic_1p3,0,original_image_export_after_extraction,satisfied,satisfied,requires_reextraction,,5a93a7ffa69ed79592f7a1cef1ae98a5fe6fd964aa91d58178933a0e08bcf9e6,0.0,0.0,0,0,0,0,0,0,790,True,True,True,0,0,0
mirp|hippocampus_287|linear_1p3,mirp,hippocampus_287,public_anatomical,mr,linear_1p3,0,original_image_export_after_extraction,indeterminate,satisfied,blocked,intensity:indeterminate,3144d432758a8fcbeb8d94c9af3183a9738713a41a09c11394b9784e87ad5520,0.0,6.103515625e-05,0,0,1,0,0,0,790,True,,True,0,0,0
mirp|hippocampus_332|identity,mirp,hippocampus_332,public_anatomical,mr,identity,0,original_image_export_after_extraction,satisfied,satisfied,requires_reextraction,,6171c699b511858f16a0d72164597d2303a785ad65d8ffeccea7705ee7d93a6d,0.0,0.0,0,0,0,0,0,0,1803,True,True,True,0,0,0
mirp|hippocampus_332|cubic_1p3,mirp,hippocampus_332,public_anatomical,mr,cubic_1p3,0,original_image_export_after_extraction,satisfied,satisfied,requires_reextraction,,f0dda31f74985cbb87f3094463008a7eff1e1cdc2aebe8a54772e6099c9ecf67,0.0,0.0,0,0,0,0,0,0,831,True,True,True,0,0,0
mirp|hippocampus_332|linear_1p3,mirp,hippocampus_332,public_anatomical,mr,linear_1p3,0,original_image_export_after_extraction,satisfied,satisfied,requires_reextraction,,f4008debc25ba579af1b602015651c054fee1f539eee13364269403441218321,0.0,6.103515625e-05,0,0,0,0,0,0,831,True,True,True,0,0,0
mirp|hippocampus_155|identity,mirp,hippocampus_155,public_anatomical,mr,identity,0,original_image_export_after_extraction,satisfied,satisfied,requires_reextraction,,6a6cce3d14c81682213c301578a9cfc3c25d7e64c86a6df44a22ef669ec660bb,0.0,0.0,0,0,0,0,0,0,2046,True,True,True,0,0,0
mirp|hippocampus_155|cubic_1p3,mirp,hippocampus_155,public_anatomical,mr,cubic_1p3,0,original_image_export_after_extraction,indeterminate,satisfied,blocked,intensity:indeterminate,c59b6002f88ae4cb67f72699dcf40e1b9f61ef4f0ec8d574d0ed14922d619157,0.0,0.0,0,0,10,0,0,0,934,True,,True,0,0,0
mirp|hippocampus_155|linear_1p3,mirp,hippocampus_155,public_anatomical,mr,linear_1p3,0,original_image_export_after_extraction,indeterminate,satisfied,blocked,intensity:indeterminate,652c05c860573475e4de2f5be58900aa85c8764c646d9b8112a396ce0f273e87,0.0,0.03125,59,0,564,0,0,0,934,True,,True,0,0,0
mirp|hippocampus_238|identity,mirp,hippocampus_238,public_anatomical,mr,identity,0,original_image_export_after_extraction,satisfied,satisfied,requires_reextraction,,a47749e23513ff6d0ecb5f66ca4372a0855efc9d73dfd8e96c643d3c3afd8f6d,0.0,0.0,0,0,0,0,0,0,2302,True,True,True,0,0,0
mirp|hippocampus_238|cubic_1p3,mirp,hippocampus_238,public_anatomical,mr,cubic_1p3,0,original_image_export_after_extraction,satisfied,satisfied,requires_reextraction,,33d101bde7a1bc58f0aa2864162ddeb634bbbb501d9d8d850fe87d472b1da3e6,0.0,0.0,0,0,0,0,0,0,1045,True,True,True,0,0,0
mirp|hippocampus_238|linear_1p3,mirp,hippocampus_238,public_anatomical,mr,linear_1p3,0,original_image_export_after_extraction,satisfied,satisfied,requires_reextraction,,89961768d0296980b0e514adb6187251921ea69a851e83a8a17d05fa7980ae83,0.0,6.103515625e-05,0,0,0,0,0,0,1045,True,True,True,0,0,0
mirp|hippocampus_288|identity,mirp,hippocampus_288,public_anatomical,mr,identity,0,original_image_export_after_extraction,satisfied,satisfied,requires_reextraction,,bcd56135198abd3df48155706ce0d755ab5156394c20238dc091ed172c6db8e3,0.0,0.0,0,0,0,0,0,0,1850,True,True,True,0,0,0
mirp|hippocampus_288|cubic_1p3,mirp,hippocampus_288,public_anatomical,mr,cubic_1p3,0,original_image_export_after_extraction,satisfied,satisfied,requires_reextraction,,ea58d4f729da5c66232037726e254ba576654fec06be67098b06f88c18831f66,0.0,0.0,0,0,0,0,0,0,843,True,True,True,0,0,0
mirp|hippocampus_288|linear_1p3,mirp,hippocampus_288,public_anatomical,mr,linear_1p3,0,original_image_export_after_extraction,indeterminate,satisfied,blocked,intensity:indeterminate,bd21a1926efc94d675767190e12ee04eefce4b7191c73535f9b5749c621e4f3c,0.0,0.0001220703125,1,0,2,0,0,0,843,True,,True,0,0,0
mirp|hippocampus_393|identity,mirp,hippocampus_393,public_anatomical,mr,identity,0,original_image_export_after_extraction,satisfied,satisfied,requires_reextraction,,0b258db27d083bc57c8c93f072b42c66de0357a822311b36134528b393b5b7bb,0.0,0.0,0,0,0,0,0,0,1864,True,True,True,0,0,0
mirp|hippocampus_393|cubic_1p3,mirp,hippocampus_393,public_anatomical,mr,cubic_1p3,0,original_image_export_after_extraction,satisfied,satisfied,requires_reextraction,,0924a814336f515840c6b64f2c76630adc2fc46e2ea93c3b14259e594ed7f7d0,0.0,0.0,0,0,0,0,0,0,846,True,True,True,0,0,0
mirp|hippocampus_393|linear_1p3,mirp,hippocampus_393,public_anatomical,mr,linear_1p3,0,original_image_export_after_extraction,indeterminate,satisfied,blocked,intensity:indeterminate,2d3a9ed281b559bcb59091c2f0dadd72660c2b840c87407542759fdfed77fa04,0.0,6.103515625e-05,0,0,1,0,0,0,846,True,,True,0,0,0
mirp|hippocampus_172|identity,mirp,hippocampus_172,public_anatomical,mr,identity,0,original_image_export_after_extraction,satisfied,satisfied,requires_reextraction,,f09f767e6136637d50a44c6869080e0f8561b791396fa42128b70bd7512352e8,0.0,0.0,0,0,0,0,0,0,1981,True,True,True,0,0,0
mirp|hippocampus_172|cubic_1p3,mirp,hippocampus_172,public_anatomical,mr,cubic_1p3,0,original_image_export_after_extraction,unavailable,unobserved,unobserved,source_or_configuration_outside_native_profile,5af5e3e3de4022d0a54afc4c095f5de460a682267f159ef31ca09280f710d6bc,,,,,,,,,,unobserved,unobserved,unobserved,,,
mirp|hippocampus_172|linear_1p3,mirp,hippocampus_172,public_anatomical,mr,linear_1p3,0,original_image_export_after_extraction,unavailable,unobserved,unobserved,source_or_configuration_outside_native_profile,5af5e3e3de4022d0a54afc4c095f5de460a682267f159ef31ca09280f710d6bc,,,,,,,,,,unobserved,unobserved,unobserved,,,
mirp|hippocampus_244|identity,mirp,hippocampus_244,public_anatomical,mr,identity,0,original_image_export_after_extraction,satisfied,satisfied,requires_reextraction,,14ffd8d0322fe9afe85909d173ef0c26a16c471c727b5b45988574b1070acb2f,0.0,0.0,0,0,0,0,0,0,1697,True,True,True,0,0,0
mirp|hippocampus_244|cubic_1p3,mirp,hippocampus_244,public_anatomical,mr,cubic_1p3,0,original_image_export_after_extraction,satisfied,satisfied,requires_reextraction,,39286a2f2c090d1b2a25efb437b21bf491d0c5e228be36bd2de876a299577b6f,0.0,0.0,0,0,0,0,0,0,769,True,True,True,0,0,0
mirp|hippocampus_244|linear_1p3,mirp,hippocampus_244,public_anatomical,mr,linear_1p3,0,original_image_export_after_extraction,satisfied,satisfied,requires_reextraction,,75d2a7160566bb38ccb2615cd99cf3c473735e42d808ac93c46010008bbe9bef,0.0,6.103515625e-05,0,0,0,0,0,0,769,True,True,True,0,0,0
mirp|hippocampus_224|identity,mirp,hippocampus_224,public_anatomical,mr,identity,0,original_image_export_after_extraction,satisfied,satisfied,requires_reextraction,,6001d5d4fba5fcfd49562210456fdc324e5cde9ca9afc47335e9db174a36ce30,0.0,0.0,0,0,0,0,0,0,2033,True,True,True,0,0,0
mirp|hippocampus_224|cubic_1p3,mirp,hippocampus_224,public_anatomical,mr,cubic_1p3,0,original_image_export_after_extraction,indeterminate,satisfied,blocked,intensity:indeterminate,b3b2ae6b3146a224cda7893ac64da6d73c405536309e82b2cb7ea4157efba5fa,0.0,0.0,0,0,2,0,0,0,929,True,,True,0,0,0
mirp|hippocampus_224|linear_1p3,mirp,hippocampus_224,public_anatomical,mr,linear_1p3,0,original_image_export_after_extraction,indeterminate,satisfied,blocked,intensity:indeterminate,2ed7be7561ab2d247fea7198beb617733612f9594e90d74b3157aaf425382b60,0.0,0.0001220703125,11,0,77,0,0,0,929,True,,True,0,0,0
mirp|hippocampus_193|identity,mirp,hippocampus_193,public_anatomical,mr,identity,0,original_image_export_after_extraction,satisfied,satisfied,requires_reextraction,,3d5d8110ab302fc9e9b37aad0bfadaca775e1e2fdec02016cf5a17f6741912a4,0.0,0.0,0,0,0,0,0,0,1351,True,True,True,0,0,0
mirp|hippocampus_193|cubic_1p3,mirp,hippocampus_193,public_anatomical,mr,cubic_1p3,0,original_image_export_after_extraction,indeterminate,satisfied,blocked,intensity:indeterminate,ed99f9a2b551e937097ad81e642ccc5c7e6251efda08189ccb68030b4ab51c17,0.0,0.0,0,0,7,0,0,0,615,True,,True,0,0,0
mirp|hippocampus_193|linear_1p3,mirp,hippocampus_193,public_anatomical,mr,linear_1p3,0,original_image_export_after_extraction,indeterminate,satisfied,blocked,intensity:indeterminate,2f7625a35e09a0736050b52642fc48bb601bd44c2fdf8d4f9ef0f1bfb5813f78,0.0,0.03125,30,0,271,0,0,0,615,True,,True,0,0,0
mirp|hippocampus_169|identity,mirp,hippocampus_169,public_anatomical,mr,identity,0,original_image_export_after_extraction,satisfied,satisfied,requires_reextraction,,f6f000b5b34881e1982f0326906f493aba98131ae060d8693aa00c1c179d91c8,0.0,0.0,0,0,0,0,0,0,1363,True,True,True,0,0,0
mirp|hippocampus_169|cubic_1p3,mirp,hippocampus_169,public_anatomical,mr,cubic_1p3,0,original_image_export_after_extraction,indeterminate,satisfied,blocked,intensity:indeterminate,a39c5addd62663c448c838d339767d3a8a936c79a6c782c87190858b383c2a28,0.0,0.0,0,0,7,0,0,0,644,True,,True,0,0,0
mirp|hippocampus_169|linear_1p3,mirp,hippocampus_169,public_anatomical,mr,linear_1p3,0,original_image_export_after_extraction,indeterminate,satisfied,blocked,intensity:indeterminate,1efd88a6c9fc7f23344bf28721b964052bccb0fe9451379547faab843e9ab10d,0.0,0.03125,9,0,112,0,0,0,644,True,,True,0,0,0
mirp|hippocampus_248|identity,mirp,hippocampus_248,public_anatomical,mr,identity,0,original_image_export_after_extraction,satisfied,satisfied,requires_reextraction,,a869845bfca8d8d995d0823f51bc66f595a0cbf26c998f7dd28ed32aa38205b7,0.0,0.0,0,0,0,0,0,0,1887,True,True,True,0,0,0
mirp|hippocampus_248|cubic_1p3,mirp,hippocampus_248,public_anatomical,mr,cubic_1p3,0,original_image_export_after_extraction,satisfied,satisfied,requires_reextraction,,f66a2873b04d69f5b0e034d4d4b719f35d450849d213d76b071d5b7c0a848536,0.0,0.0,0,0,0,0,0,0,848,True,True,True,0,0,0
mirp|hippocampus_248|linear_1p3,mirp,hippocampus_248,public_anatomical,mr,linear_1p3,0,original_image_export_after_extraction,satisfied,satisfied,requires_reextraction,,5306003bfe58b76b821576e9438466e5fed2fddd5ac2e515d1b892d330f6124f,0.0,6.103515625e-05,0,0,0,0,0,0,848,True,True,True,0,0,0
mirp|spleen_22|identity,mirp,spleen_22,public_anatomical,ct,identity,0,original_image_export_after_extraction,unavailable,unobserved,unobserved,source_or_configuration_outside_native_profile,5af5e3e3de4022d0a54afc4c095f5de460a682267f159ef31ca09280f710d6bc,,,,,,,,,,unobserved,unobserved,unobserved,,,
mirp|spleen_28|identity,mirp,spleen_28,public_anatomical,ct,identity,0,original_image_export_after_extraction,unavailable,unobserved,unobserved,source_or_configuration_outside_native_profile,5af5e3e3de4022d0a54afc4c095f5de460a682267f159ef31ca09280f710d6bc,,,,,,,,,,unobserved,unobserved,unobserved,,,
pyradiomics|synthetic_921101|identity,pyradiomics,synthetic_921101,synthetic,mr,identity,0,loaded_input,satisfied,satisfied,requires_reextraction,,11f8b446eb42c06955d681014758b2ac7397c089947ec172c0f5183e4c2a1a27,0.0,0.0,0,0,0,0,0,0,1654,True,True,True,0,0,0
pyradiomics|synthetic_921101|identity,pyradiomics,synthetic_921101,synthetic,mr,identity,1,shape_dispatch,satisfied,satisfied,requires_reextraction,,55e6cc40dcc253f10adf1f753fa03ef178710bcda81805ff378ab568ed84d724,0.0,0.0,0,0,0,0,0,0,1654,True,True,True,0,0,0
pyradiomics|synthetic_921101|identity,pyradiomics,synthetic_921101,synthetic,mr,identity,2,feature_input:original,satisfied,satisfied,requires_reextraction,,86bb6fa76d3ffa9d60b320eab1d1bdaa771564b4e48b5d4bbe7b902c1d426d74,7.105427357601002e-15,0.0,0,0,0,0,0,0,1654,True,True,True,0,0,0
pyradiomics|synthetic_921101|cubic_1p3,pyradiomics,synthetic_921101,synthetic,mr,cubic_1p3,0,loaded_input,satisfied,satisfied,requires_reextraction,,0913a141bce4ae25c8c58b7903bb87d8f3944c1a86431321583db117206b70a0,8.192362705716001e-15,6.698257948301034e-09,0,0,0,0,0,0,2110,True,True,True,0,0,0
pyradiomics|synthetic_921101|cubic_1p3,pyradiomics,synthetic_921101,synthetic,mr,cubic_1p3,1,shape_dispatch,satisfied,satisfied,requires_reextraction,,953b663fdf54bfb9762c078cbe92456acc8810f024100f19875f80aa3d617a38,8.192362705716001e-15,6.698257948301034e-09,0,0,0,0,0,0,2110,True,True,True,0,0,0
pyradiomics|synthetic_921101|cubic_1p3,pyradiomics,synthetic_921101,synthetic,mr,cubic_1p3,2,feature_input:original,satisfied,violated,blocked,,14914b5f47060db300ab9619d2378aff8f466e1bf5b86d80173e98e350ce43f3,8.16830133022611e-15,2.4442670110147446e-12,0,0,0,0,0,0,2110,True,True,True,28,28,0
pyradiomics|synthetic_921101|linear_1p3,pyradiomics,synthetic_921101,synthetic,mr,linear_1p3,0,loaded_input,satisfied,satisfied,requires_reextraction,,86f08bd32f65bad96d453cbdaf46f9a54f2038d6a288ebd6bb3712a571b73aef,8.192362705716001e-15,3.694822225952521e-13,0,0,0,0,0,0,2110,True,True,True,0,0,0
pyradiomics|synthetic_921101|linear_1p3,pyradiomics,synthetic_921101,synthetic,mr,linear_1p3,1,shape_dispatch,satisfied,satisfied,requires_reextraction,,875170196ae39b42909ef55243c504b6f7fdd7359382bebd81190de7826fc019,8.192362705716001e-15,3.694822225952521e-13,0,0,0,0,0,0,2110,True,True,True,0,0,0
pyradiomics|synthetic_921101|linear_1p3,pyradiomics,synthetic_921101,synthetic,mr,linear_1p3,2,feature_input:original,satisfied,violated,blocked,,18e66c099337b9735f4b9a1dec34ee0ac967759a809360e6df52d0c2644671a5,8.16830133022611e-15,2.8421709430404007e-13,0,0,0,0,0,0,2110,True,True,True,28,28,0
pyradiomics|synthetic_921102|identity,pyradiomics,synthetic_921102,synthetic,mr,identity,0,loaded_input,satisfied,satisfied,requires_reextraction,,32933852be18252c68dcbe37fe24caefe33d94a9c21a5574f98fb25a4e6ab447,0.0,0.0,0,0,0,0,0,0,2177,True,True,True,0,0,0
pyradiomics|synthetic_921102|identity,pyradiomics,synthetic_921102,synthetic,mr,identity,1,shape_dispatch,satisfied,satisfied,requires_reextraction,,4663f9dc43ed0b08a6a5445a4e6b4fa5ec6d43d7b8ec3538fda2b85920050586,0.0,0.0,0,0,0,0,0,0,2177,True,True,True,0,0,0
pyradiomics|synthetic_921102|identity,pyradiomics,synthetic_921102,synthetic,mr,identity,2,feature_input:original,satisfied,satisfied,requires_reextraction,,30fa671b9f1b069bc6902b5471e6b06156254ddd85e6ec12307a863db6fc8958,0.0,0.0,0,0,0,0,0,0,2177,True,True,True,0,0,0
pyradiomics|synthetic_921102|cubic_1p3,pyradiomics,synthetic_921102,synthetic,mr,cubic_1p3,0,loaded_input,satisfied,satisfied,requires_reextraction,,5b1efb8a42e39e2931e3bade1035acc5e1a5301698860cc7cfbb9d4857a78def,1.2861976864971564e-14,6.178368039400084e-09,0,0,0,0,0,0,2651,True,True,True,0,0,0
pyradiomics|synthetic_921102|cubic_1p3,pyradiomics,synthetic_921102,synthetic,mr,cubic_1p3,1,shape_dispatch,satisfied,satisfied,requires_reextraction,,29ce13f320554a7826520adc6ee1295d658997acd0890a507d94b86493768f8a,1.2861976864971564e-14,6.178368039400084e-09,0,0,0,0,0,0,2651,True,True,True,0,0,0
pyradiomics|synthetic_921102|cubic_1p3,pyradiomics,synthetic_921102,synthetic,mr,cubic_1p3,2,feature_input:original,satisfied,satisfied,requires_reextraction,,d60a6f576e9ef7bb4647675417b1328dca7979669ce451cd8cce4a5a3c09ffad,1.0732941486359768e-14,1.8189894035458565e-12,0,0,0,0,0,0,2651,True,True,True,0,0,0
pyradiomics|synthetic_921102|linear_1p3,pyradiomics,synthetic_921102,synthetic,mr,linear_1p3,0,loaded_input,satisfied,satisfied,requires_reextraction,,407796f118f9a421625fff659264de5191a3db4e6b982a4c076bde4ada8c2f8e,1.2861976864971564e-14,4.263256414560601e-13,0,0,0,0,0,0,2651,True,True,True,0,0,0
pyradiomics|synthetic_921102|linear_1p3,pyradiomics,synthetic_921102,synthetic,mr,linear_1p3,1,shape_dispatch,satisfied,satisfied,requires_reextraction,,b0d9308aa322af58fc5d05102dcaf31f1c00807979fc2531000ce75a70bfa7c2,1.2861976864971564e-14,4.263256414560601e-13,0,0,0,0,0,0,2651,True,True,True,0,0,0
pyradiomics|synthetic_921102|linear_1p3,pyradiomics,synthetic_921102,synthetic,mr,linear_1p3,2,feature_input:original,satisfied,satisfied,requires_reextraction,,e079418d75c5eeb9d395a96af3e820ada57fb1b29adf6f52d502508ad74a1f13,1.0732941486359768e-14,3.979039320256561e-13,0,0,0,0,0,0,2651,True,True,True,0,0,0
pyradiomics|synthetic_921103|identity,pyradiomics,synthetic_921103,synthetic,mr,identity,0,loaded_input,satisfied,satisfied,requires_reextraction,,280889b69eb88af59ea12126de4b0f0dbb92e5d189f3559c12d3c3821df0700e,0.0,0.0,0,0,0,0,0,0,2629,True,True,True,0,0,0
pyradiomics|synthetic_921103|identity,pyradiomics,synthetic_921103,synthetic,mr,identity,1,shape_dispatch,satisfied,satisfied,requires_reextraction,,64e01ceea813b28a2f6d8d6b4070934ae8e49c925ed0a0bcf0d4a19db9ce509e,0.0,0.0,0,0,0,0,0,0,2629,True,True,True,0,0,0
pyradiomics|synthetic_921103|identity,pyradiomics,synthetic_921103,synthetic,mr,identity,2,feature_input:original,satisfied,satisfied,requires_reextraction,,c273582b1e4f75035b3b9c5897171cf9d2e37b4f3efa2ed43add87e7cc62b594,1.5888218580782548e-14,0.0,0,0,0,0,0,0,2629,True,True,True,0,0,0
pyradiomics|synthetic_921103|cubic_1p3,pyradiomics,synthetic_921103,synthetic,mr,cubic_1p3,0,loaded_input,satisfied,satisfied,requires_reextraction,,a2a55f6449e86432e8e5c8d71607311968e3f5570f0ce63650769c27d4232447,6.439293542825908e-15,7.98462451712112e-09,0,0,0,0,0,0,4230,True,True,True,0,0,0
pyradiomics|synthetic_921103|cubic_1p3,pyradiomics,synthetic_921103,synthetic,mr,cubic_1p3,1,shape_dispatch,satisfied,satisfied,requires_reextraction,,594e6e6aec72834c2a0231ba812c975a082b290bc2b12c90b392c09b6a2c2d80,6.439293542825908e-15,7.98462451712112e-09,0,0,0,0,0,0,4230,True,True,True,0,0,0
pyradiomics|synthetic_921103|cubic_1p3,pyradiomics,synthetic_921103,synthetic,mr,cubic_1p3,2,feature_input:original,satisfied,satisfied,requires_reextraction,,7099f47932126e19803735ec132fccf7be12d3d197c91dcdf1b144ea8f6cdce7,1.4703645528818136e-14,3.501554601825774e-11,0,0,0,0,0,0,4230,True,True,True,0,0,0
pyradiomics|synthetic_921103|linear_1p3,pyradiomics,synthetic_921103,synthetic,mr,linear_1p3,0,loaded_input,satisfied,satisfied,requires_reextraction,,674782de111482cb47d2181cad28204cf77268205fd803e183b5119607f65ff8,6.439293542825908e-15,3.694822225952521e-13,0,0,0,0,0,0,4230,True,True,True,0,0,0
pyradiomics|synthetic_921103|linear_1p3,pyradiomics,synthetic_921103,synthetic,mr,linear_1p3,1,shape_dispatch,satisfied,satisfied,requires_reextraction,,74ddc078039d8cfb3935055b4c57c6fbe6af0ffda55aae28c3a1dc675fc0ca07,6.439293542825908e-15,3.694822225952521e-13,0,0,0,0,0,0,4230,True,True,True,0,0,0
pyradiomics|synthetic_921103|linear_1p3,pyradiomics,synthetic_921103,synthetic,mr,linear_1p3,2,feature_input:original,satisfied,satisfied,requires_reextraction,,6f4e7c63e85736319a172a60e722c342bbfec2b84e5689d57d115b14cc650b4d,1.4703645528818136e-14,2.5579538487363607e-13,0,0,0,0,0,0,4230,True,True,True,0,0,0
pyradiomics|synthetic_921104|identity,pyradiomics,synthetic_921104,synthetic,mr,identity,0,loaded_input,satisfied,satisfied,requires_reextraction,,e12e54f38e486ce4ad9c81ad9479fda0e95be38dd71c52fed136ec4e921b2c2a,0.0,0.0,0,0,0,0,0,0,2161,True,True,True,0,0,0
pyradiomics|synthetic_921104|identity,pyradiomics,synthetic_921104,synthetic,mr,identity,1,shape_dispatch,satisfied,satisfied,requires_reextraction,,3d985b2679d424da149fa7e5900cb6b261a3e894be43a975a507cc2d6c94e2d1,0.0,0.0,0,0,0,0,0,0,2161,True,True,True,0,0,0
pyradiomics|synthetic_921104|identity,pyradiomics,synthetic_921104,synthetic,mr,identity,2,feature_input:original,satisfied,satisfied,requires_reextraction,,89a2d806a6550fbcde86486f9760e32930e84e31280e059f01164564579449cf,7.105427357601002e-15,0.0,0,0,0,0,0,0,2161,True,True,True,0,0,0
pyradiomics|synthetic_921104|cubic_1p3,pyradiomics,synthetic_921104,synthetic,mr,cubic_1p3,0,loaded_input,satisfied,satisfied,requires_reextraction,,85bf1a59a99dcc203b490380715fbc34f13d13c8a75dd44b4397eec8970e8467,6.2727600891321345e-15,5.070631914350088e-09,0,0,0,0,0,0,3206,True,True,True,0,0,0
pyradiomics|synthetic_921104|cubic_1p3,pyradiomics,synthetic_921104,synthetic,mr,cubic_1p3,1,shape_dispatch,satisfied,satisfied,requires_reextraction,,51682721f7a73b08e149e669bcb1ce7bcc5bb185c5c3eb7809051e43bf105516,6.2727600891321345e-15,5.070631914350088e-09,0,0,0,0,0,0,3206,True,True,True,0,0,0
pyradiomics|synthetic_921104|cubic_1p3,pyradiomics,synthetic_921104,synthetic,mr,cubic_1p3,2,feature_input:original,satisfied,satisfied,requires_reextraction,,6fc38a3de4873f6a5f42cb3c18bd9262ec817185f30576d0ffe71ff288253a5f,1.4219634040908775e-14,1.0032863428932615e-11,0,0,0,0,0,0,3206,True,True,True,0,0,0
pyradiomics|synthetic_921104|linear_1p3,pyradiomics,synthetic_921104,synthetic,mr,linear_1p3,0,loaded_input,satisfied,satisfied,requires_reextraction,,38e9df2bbce480f39969d915f09d1ace32c7b19d2b963280aefd01bcea5a34f0,6.2727600891321345e-15,4.831690603168681e-13,0,0,0,0,0,0,3206,True,True,True,0,0,0
pyradiomics|synthetic_921104|linear_1p3,pyradiomics,synthetic_921104,synthetic,mr,linear_1p3,1,shape_dispatch,satisfied,satisfied,requires_reextraction,,c71486c231df372d79dd64c4c53e401c5bb15b67eca59189d42b52294f6265a3,6.2727600891321345e-15,4.831690603168681e-13,0,0,0,0,0,0,3206,True,True,True,0,0,0
pyradiomics|synthetic_921104|linear_1p3,pyradiomics,synthetic_921104,synthetic,mr,linear_1p3,2,feature_input:original,satisfied,satisfied,requires_reextraction,,a6dd09a3e88e0f6f35046b36ecada6d97b06341efb53200093b8b1b034c21e82,1.4219634040908775e-14,2.984279490192421e-13,0,0,0,0,0,0,3206,True,True,True,0,0,0
pyradiomics|synthetic_921105|identity,pyradiomics,synthetic_921105,synthetic,mr,identity,0,loaded_input,satisfied,satisfied,requires_reextraction,,006c70cf2f0fc4bf743191b547342bbb52d68c6dca4a29a9604b90f8d8a164a2,0.0,0.0,0,0,0,0,0,0,1711,True,True,True,0,0,0
pyradiomics|synthetic_921105|identity,pyradiomics,synthetic_921105,synthetic,mr,identity,1,shape_dispatch,satisfied,satisfied,requires_reextraction,,3e67092a17f2b2fb26da585991a6709cf201fcf3d329b56f2b221aee123fd3e5,0.0,0.0,0,0,0,0,0,0,1711,True,True,True,0,0,0
pyradiomics|synthetic_921105|identity,pyradiomics,synthetic_921105,synthetic,mr,identity,2,feature_input:original,satisfied,satisfied,requires_reextraction,,b92604f085e4a08a7ed36aad69a7aff0cb7f4e6278e9a01bb9a330351b7b962a,0.0,0.0,0,0,0,0,0,0,1711,True,True,True,0,0,0
pyradiomics|synthetic_921105|cubic_1p3,pyradiomics,synthetic_921105,synthetic,mr,cubic_1p3,0,loaded_input,satisfied,satisfied,requires_reextraction,,d3ab021c65fc11bc7c14dacc82b3907428b181662ee611c60477a50c6656857f,8.010741897413916e-15,9.280256563215517e-10,0,0,0,0,0,0,2151,True,True,True,0,0,0
pyradiomics|synthetic_921105|cubic_1p3,pyradiomics,synthetic_921105,synthetic,mr,cubic_1p3,1,shape_dispatch,satisfied,satisfied,requires_reextraction,,819d876c2860c5ebd20d13a8364f23425ac78a125d45148f007106a80a694efc,8.010741897413916e-15,9.280256563215517e-10,0,0,0,0,0,0,2151,True,True,True,0,0,0
pyradiomics|synthetic_921105|cubic_1p3,pyradiomics,synthetic_921105,synthetic,mr,cubic_1p3,2,feature_input:original,satisfied,violated,blocked,,5908c884a40a5e19c5e2601525d263463130ef76b1f024d6ae8e4eac369a5f3f,5.591215865739187e-15,6.536993168992922e-12,0,0,0,0,0,0,2151,True,True,True,1,1,0
pyradiomics|synthetic_921105|linear_1p3,pyradiomics,synthetic_921105,synthetic,mr,linear_1p3,0,loaded_input,satisfied,satisfied,requires_reextraction,,c7856f77b62eb6ae3a2f0723b6764bee43fa51fcc07a82721ce4d09f7bfdabd8,8.010741897413916e-15,3.126388037344441e-13,0,0,0,0,0,0,2151,True,True,True,0,0,0
pyradiomics|synthetic_921105|linear_1p3,pyradiomics,synthetic_921105,synthetic,mr,linear_1p3,1,shape_dispatch,satisfied,satisfied,requires_reextraction,,19be66b02cff9f2bd733e4e8428183a5732e5b042ee87c1fbf183bf663694042,8.010741897413916e-15,3.126388037344441e-13,0,0,0,0,0,0,2151,True,True,True,0,0,0
pyradiomics|synthetic_921105|linear_1p3,pyradiomics,synthetic_921105,synthetic,mr,linear_1p3,2,feature_input:original,satisfied,violated,blocked,,ef533ea665d0dd373218bc72fe93b06a1e7adcd1a2e3c577697af60411d98f65,5.591215865739187e-15,3.126388037344441e-13,0,0,0,0,0,0,2151,True,True,True,1,1,0
pyradiomics|synthetic_921106|identity,pyradiomics,synthetic_921106,synthetic,mr,identity,0,loaded_input,satisfied,satisfied,requires_reextraction,,5360c4228b4efe031f68fc33be78137b1e12f94c0f08c65c063ab391ab53f374,0.0,0.0,0,0,0,0,0,0,2504,True,True,True,0,0,0
pyradiomics|synthetic_921106|identity,pyradiomics,synthetic_921106,synthetic,mr,identity,1,shape_dispatch,satisfied,satisfied,requires_reextraction,,cccbbc27984b2baa72a8aa6524c3972face68fe1c0968fee393d291950ddaa5b,0.0,0.0,0,0,0,0,0,0,2504,True,True,True,0,0,0
pyradiomics|synthetic_921106|identity,pyradiomics,synthetic_921106,synthetic,mr,identity,2,feature_input:original,satisfied,satisfied,requires_reextraction,,93c96e121fb714dbff3a39cd1c5a6bd720a99b0cd6e7041828b8e9cb86e1b2e0,3.552713678800501e-15,0.0,0,0,0,0,0,0,2504,True,True,True,0,0,0
pyradiomics|synthetic_921106|cubic_1p3,pyradiomics,synthetic_921106,synthetic,mr,cubic_1p3,0,loaded_input,satisfied,satisfied,requires_reextraction,,afac7d26d2104b17a6433455ebd03f636f99811140c7ae7adfd746546ea4618e,1.3322676295501878e-15,6.283869424805744e-09,0,0,0,0,0,0,3750,True,True,True,0,0,0
pyradiomics|synthetic_921106|cubic_1p3,pyradiomics,synthetic_921106,synthetic,mr,cubic_1p3,1,shape_dispatch,satisfied,satisfied,requires_reextraction,,06743511148a5e975ab288f4b6e21685d902ea0e738a7ea180989c5a95e4cac7,1.3322676295501878e-15,6.283869424805744e-09,0,0,0,0,0,0,3750,True,True,True,0,0,0
pyradiomics|synthetic_921106|cubic_1p3,pyradiomics,synthetic_921106,synthetic,mr,cubic_1p3,2,feature_input:original,satisfied,satisfied,requires_reextraction,,b95bac49407d50dba561d7696fa06e2f4449ae253b8fa615d4e7fc8b96ef448d,3.614624287906422e-15,4.291678123991005e-12,0,0,0,0,0,0,3750,True,True,True,0,0,0
pyradiomics|synthetic_921106|linear_1p3,pyradiomics,synthetic_921106,synthetic,mr,linear_1p3,0,loaded_input,satisfied,satisfied,requires_reextraction,,a2ce5fce72717896515954f8d9124c62fd79a11e3a2f9a3e843f277547c52f2d,1.3322676295501878e-15,2.2737367544323206e-13,0,0,0,0,0,0,3750,True,True,True,0,0,0
pyradiomics|synthetic_921106|linear_1p3,pyradiomics,synthetic_921106,synthetic,mr,linear_1p3,1,shape_dispatch,satisfied,satisfied,requires_reextraction,,49323557abb395b8ce49d1f1611a4796573e26645073f72b093f82bded9422a6,1.3322676295501878e-15,2.2737367544323206e-13,0,0,0,0,0,0,3750,True,True,True,0,0,0
pyradiomics|synthetic_921106|linear_1p3,pyradiomics,synthetic_921106,synthetic,mr,linear_1p3,2,feature_input:original,satisfied,satisfied,requires_reextraction,,3f31f3d902d59bf321788a2fbd5d52131523371b93d4290683bd564f35f32856,3.614624287906422e-15,1.7053025658242404e-13,0,0,0,0,0,0,3750,True,True,True,0,0,0
pyradiomics|synthetic_921107|identity,pyradiomics,synthetic_921107,synthetic,mr,identity,0,loaded_input,satisfied,satisfied,requires_reextraction,,16d09c5e437d6c05c68d0a110fa40b1976c9a1220c3db4eb5e9943677b31983d,0.0,0.0,0,0,0,0,0,0,2251,True,True,True,0,0,0
pyradiomics|synthetic_921107|identity,pyradiomics,synthetic_921107,synthetic,mr,identity,1,shape_dispatch,satisfied,satisfied,requires_reextraction,,fdcddacc510dd7e6a30d29ecf93f852e601a963d95bad65e2dc3d37ebcae7ca8,0.0,0.0,0,0,0,0,0,0,2251,True,True,True,0,0,0
pyradiomics|synthetic_921107|identity,pyradiomics,synthetic_921107,synthetic,mr,identity,2,feature_input:original,satisfied,satisfied,requires_reextraction,,e776561d9f6e4482043b72dec69b7e250370fd54ce8161f47fbdc089eaf1620d,7.105427357601002e-15,0.0,0,0,0,0,0,0,2251,True,True,True,0,0,0
pyradiomics|synthetic_921107|cubic_1p3,pyradiomics,synthetic_921107,synthetic,mr,cubic_1p3,0,loaded_input,satisfied,satisfied,requires_reextraction,,76954852a32297765d158786877b57d67386333b7f45406609d476088a0fe04f,9.622221996320391e-15,6.1841802789786016e-09,0,0,0,0,0,0,3137,True,True,True,0,0,0
pyradiomics|synthetic_921107|cubic_1p3,pyradiomics,synthetic_921107,synthetic,mr,cubic_1p3,1,shape_dispatch,satisfied,satisfied,requires_reextraction,,6a4f855f5ef2f0a88b149d946ef8476803a0b8bcef45a8faf21000f18ec5e604,9.622221996320391e-15,6.1841802789786016e-09,0,0,0,0,0,0,3137,True,True,True,0,0,0
pyradiomics|synthetic_921107|cubic_1p3,pyradiomics,synthetic_921107,synthetic,mr,cubic_1p3,2,feature_input:original,satisfied,satisfied,requires_reextraction,,9f145825af18937f6019bf6f0aa89e6492bebe38ff55dc431307cbbbc553ceff,1.1699065664736792e-14,2.9842794901924208e-12,0,0,0,0,0,0,3137,True,True,True,0,0,0
pyradiomics|synthetic_921107|linear_1p3,pyradiomics,synthetic_921107,synthetic,mr,linear_1p3,0,loaded_input,satisfied,satisfied,requires_reextraction,,d701350e0ca68541d16c2eec55bcb98fab7961b4a0e865b294a29314d2139013,9.622221996320391e-15,2.5579538487363607e-13,0,0,0,0,0,0,3137,True,True,True,0,0,0
pyradiomics|synthetic_921107|linear_1p3,pyradiomics,synthetic_921107,synthetic,mr,linear_1p3,1,shape_dispatch,satisfied,satisfied,requires_reextraction,,99346c80f3b19cffa9f2435fa703194cc7ee1f6368edb77b21742ded3d6fdfba,9.622221996320391e-15,2.5579538487363607e-13,0,0,0,0,0,0,3137,True,True,True,0,0,0
pyradiomics|synthetic_921107|linear_1p3,pyradiomics,synthetic_921107,synthetic,mr,linear_1p3,2,feature_input:original,satisfied,satisfied,requires_reextraction,,e1c3a47f1424b5f3444e39047dff59f70e6f1bbb398fe9a0b05b5a49ed442723,1.1699065664736792e-14,1.9895196601282805e-13,0,0,0,0,0,0,3137,True,True,True,0,0,0
pyradiomics|synthetic_921108|identity,pyradiomics,synthetic_921108,synthetic,mr,identity,0,loaded_input,satisfied,satisfied,requires_reextraction,,8943d1ff3ca2991ceb9ab7fd879a7b3905a29ab08be783e8b2bcfcd14306c377,0.0,0.0,0,0,0,0,0,0,2793,True,True,True,0,0,0
pyradiomics|synthetic_921108|identity,pyradiomics,synthetic_921108,synthetic,mr,identity,1,shape_dispatch,satisfied,satisfied,requires_reextraction,,5b8171e5afd4686a848f7376addd6841a1c186820b90b2d304a9382b9edd705f,0.0,0.0,0,0,0,0,0,0,2793,True,True,True,0,0,0
pyradiomics|synthetic_921108|identity,pyradiomics,synthetic_921108,synthetic,mr,identity,2,feature_input:original,satisfied,satisfied,requires_reextraction,,50a3f3a47b1dedffd2595e157975fc12b0faa591a300137f7e5c188c7523439d,0.0,0.0,0,0,0,0,0,0,2793,True,True,True,0,0,0
pyradiomics|synthetic_921108|cubic_1p3,pyradiomics,synthetic_921108,synthetic,mr,cubic_1p3,0,loaded_input,satisfied,satisfied,requires_reextraction,,e0d88c38d5bd2502b464b24dbe62b2af3bc2cbc91900ea4832a92d16ffd21710,5.351286495517217e-15,5.061366437075776e-09,0,0,0,0,0,0,3267,True,True,True,0,0,0
pyradiomics|synthetic_921108|cubic_1p3,pyradiomics,synthetic_921108,synthetic,mr,cubic_1p3,1,shape_dispatch,satisfied,satisfied,requires_reextraction,,0f4098188cd8a2c68c2477862aa568ea7c1e3fa7ed628923f4d68278b54399c4,5.351286495517217e-15,5.061366437075776e-09,0,0,0,0,0,0,3267,True,True,True,0,0,0
pyradiomics|synthetic_921108|cubic_1p3,pyradiomics,synthetic_921108,synthetic,mr,cubic_1p3,2,feature_input:original,satisfied,violated,blocked,,abcb2170752779cf5cfc3bc414332f1dfb72b2c612a43856bcc8d8b63fa5eacd,2.0185613280212634e-14,6.252776074688882e-13,0,0,0,0,0,0,3267,True,True,True,18,18,0
pyradiomics|synthetic_921108|linear_1p3,pyradiomics,synthetic_921108,synthetic,mr,linear_1p3,0,loaded_input,satisfied,satisfied,requires_reextraction,,a12230ce621fc60c60863abb1ff11f29c5d931e0e798f6dac44ce5bedde82b01,5.351286495517217e-15,5.400124791776761e-13,0,0,0,0,0,0,3267,True,True,True,0,0,0
pyradiomics|synthetic_921108|linear_1p3,pyradiomics,synthetic_921108,synthetic,mr,linear_1p3,1,shape_dispatch,satisfied,satisfied,requires_reextraction,,de99e5a762d99fc78117bdce7796a414b819e4e29a34fc87d7aea22a102d2b0c,5.351286495517217e-15,5.400124791776761e-13,0,0,0,0,0,0,3267,True,True,True,0,0,0
pyradiomics|synthetic_921108|linear_1p3,pyradiomics,synthetic_921108,synthetic,mr,linear_1p3,2,feature_input:original,satisfied,violated,blocked,,a0806fd8ed284098da774fe800e5694245939c08ad8b97650bfbb62487c44a9b,2.0185613280212634e-14,3.410605131648481e-13,0,0,0,0,0,0,3267,True,True,True,18,18,0
pyradiomics|hippocampus_287|identity,pyradiomics,hippocampus_287,public_anatomical,mr,identity,0,loaded_input,satisfied,satisfied,requires_reextraction,,bd0a5e4abd8829268a0e50e4df9b43c35ee614a6e016755264cd772db0dc6983,0.0,0.0,0,0,0,0,0,0,1766,True,True,True,0,0,0
pyradiomics|hippocampus_287|identity,pyradiomics,hippocampus_287,public_anatomical,mr,identity,1,shape_dispatch,satisfied,satisfied,requires_reextraction,,ca34a9c8c5bea9583ccb911e9f2a85e34eefbe6b7528a963af9738e41c0ba18b,0.0,0.0,0,0,0,0,0,0,1766,True,True,True,0,0,0
pyradiomics|hippocampus_287|identity,pyradiomics,hippocampus_287,public_anatomical,mr,identity,2,feature_input:original,satisfied,satisfied,requires_reextraction,,f2f13ac6d51c2e3690500033e029a2f83338bdffa4129c21116c01d9823a81a9,0.0,0.0,0,0,0,0,0,0,1766,True,True,True,0,0,0
pyradiomics|hippocampus_287|cubic_1p3,pyradiomics,hippocampus_287,public_anatomical,mr,cubic_1p3,0,loaded_input,satisfied,satisfied,requires_reextraction,,94f17a6fbfa0dd0c12c37189457fe4e8d959d7daf76acd5d14cc71a03c5672e1,0.0,0.0,0,0,0,0,0,0,850,True,True,True,0,0,0
pyradiomics|hippocampus_287|cubic_1p3,pyradiomics,hippocampus_287,public_anatomical,mr,cubic_1p3,1,shape_dispatch,satisfied,satisfied,requires_reextraction,,ff44dc52e64ea35f93433029c9a9ffb7936ff094791ad01cfece1d2f00a373ef,0.0,0.0,0,0,0,0,0,0,850,True,True,True,0,0,0
pyradiomics|hippocampus_287|cubic_1p3,pyradiomics,hippocampus_287,public_anatomical,mr,cubic_1p3,2,feature_input:original,satisfied,satisfied,requires_reextraction,,fdce6f7d2d49029756749e43d5c7b6fb464d33b62a1d1521019a9998c4375611,8.881784197001252e-16,0.0,0,0,0,0,0,0,850,True,True,True,0,0,0
pyradiomics|hippocampus_287|linear_1p3,pyradiomics,hippocampus_287,public_anatomical,mr,linear_1p3,0,loaded_input,satisfied,satisfied,requires_reextraction,,a8018ad43de9ed3fb16cd48cae08cade01a41bc7fdb1b1a7e02684bcdd2c29bc,0.0,3.0517578125e-05,0,0,0,0,0,0,850,True,True,True,0,0,0
pyradiomics|hippocampus_287|linear_1p3,pyradiomics,hippocampus_287,public_anatomical,mr,linear_1p3,1,shape_dispatch,satisfied,satisfied,requires_reextraction,,17bce261bc37864c971585d399db7fbc30e28e3be9b188768849f2e17c4cf13b,0.0,3.0517578125e-05,0,0,0,0,0,0,850,True,True,True,0,0,0
pyradiomics|hippocampus_287|linear_1p3,pyradiomics,hippocampus_287,public_anatomical,mr,linear_1p3,2,feature_input:original,satisfied,satisfied,requires_reextraction,,9967f89111463b3e5544f51fc8367750e931591722f65f310b05b2a6af47f9c3,8.881784197001252e-16,0.0,0,0,0,0,0,0,850,True,True,True,0,0,0
pyradiomics|hippocampus_332|identity,pyradiomics,hippocampus_332,public_anatomical,mr,identity,0,loaded_input,satisfied,satisfied,requires_reextraction,,aaf5ee64aef051c682c0c225a96c005c5e0d95ffc99962aa05c1a0b7b7cfb902,0.0,0.0,0,0,0,0,0,0,1803,True,True,True,0,0,0
pyradiomics|hippocampus_332|identity,pyradiomics,hippocampus_332,public_anatomical,mr,identity,1,shape_dispatch,satisfied,satisfied,requires_reextraction,,4ea83a5f5c1fb9f358fd46da57ef50315675c426f5858b04672a949078cb44c6,0.0,0.0,0,0,0,0,0,0,1803,True,True,True,0,0,0
pyradiomics|hippocampus_332|identity,pyradiomics,hippocampus_332,public_anatomical,mr,identity,2,feature_input:original,satisfied,satisfied,requires_reextraction,,d3238765f6a2db1aaeb22da0583e459e602401be05ae9fc7a72e3450fc30c8ac,0.0,0.0,0,0,0,0,0,0,1803,True,True,True,0,0,0
pyradiomics|hippocampus_332|cubic_1p3,pyradiomics,hippocampus_332,public_anatomical,mr,cubic_1p3,0,loaded_input,satisfied,satisfied,requires_reextraction,,262fea36afca599cc44e4dbc2a48586e725ee53b8ea300e3ed81b5f46115743d,0.0,6.103515625e-05,0,0,0,0,0,0,837,True,True,True,0,0,0
pyradiomics|hippocampus_332|cubic_1p3,pyradiomics,hippocampus_332,public_anatomical,mr,cubic_1p3,1,shape_dispatch,satisfied,satisfied,requires_reextraction,,a3b0fad91e7736ccdffb886ff8c8cd5ab53ee0712907680ce907b69e7810c052,0.0,6.103515625e-05,0,0,0,0,0,0,837,True,True,True,0,0,0
pyradiomics|hippocampus_332|cubic_1p3,pyradiomics,hippocampus_332,public_anatomical,mr,cubic_1p3,2,feature_input:original,satisfied,indeterminate,blocked,,c38da8419e268295824ed7373fd874b2a44d12269a907df1562fb1dd43c367f8,0.0,0.0,0,0,0,0,0,0,837,True,True,True,18,0,18
pyradiomics|hippocampus_332|linear_1p3,pyradiomics,hippocampus_332,public_anatomical,mr,linear_1p3,0,loaded_input,satisfied,satisfied,requires_reextraction,,a4b3f42224375aa38a9f228825230528ae1cfd44ecd829d5d8172f5f88d413c2,0.0,1.52587890625e-05,0,0,0,0,0,0,837,True,True,True,0,0,0
pyradiomics|hippocampus_332|linear_1p3,pyradiomics,hippocampus_332,public_anatomical,mr,linear_1p3,1,shape_dispatch,satisfied,satisfied,requires_reextraction,,d940aa8398a20983c2f3bf4eea0ffaec02873141e7a9500d31d8a8ab17bf4f52,0.0,1.52587890625e-05,0,0,0,0,0,0,837,True,True,True,0,0,0
pyradiomics|hippocampus_332|linear_1p3,pyradiomics,hippocampus_332,public_anatomical,mr,linear_1p3,2,feature_input:original,satisfied,indeterminate,blocked,,a8e736a7600acb81485532077077cd4f3e9ac33f2a851d42c7a72d2b19752274,0.0,1.52587890625e-05,0,0,0,0,0,0,837,True,True,True,18,0,18
pyradiomics|hippocampus_155|identity,pyradiomics,hippocampus_155,public_anatomical,mr,identity,0,loaded_input,satisfied,satisfied,requires_reextraction,,5ded0bff7c071c61b783fc8e0bda0607c35b13c7060b5a3baad1e39a804d29e5,0.0,0.0,0,0,0,0,0,0,2046,True,True,True,0,0,0
pyradiomics|hippocampus_155|identity,pyradiomics,hippocampus_155,public_anatomical,mr,identity,1,shape_dispatch,satisfied,satisfied,requires_reextraction,,42da51cc7182c5ab1a06a6d5632fb478e4c7da5dd216189c30e2e2783bc6fd99,0.0,0.0,0,0,0,0,0,0,2046,True,True,True,0,0,0
pyradiomics|hippocampus_155|identity,pyradiomics,hippocampus_155,public_anatomical,mr,identity,2,feature_input:original,satisfied,satisfied,requires_reextraction,,6dbbdabe7160023acb754efaa06750404a4e56f88323704e80ff9abf19a4d4bc,0.0,0.0,0,0,0,0,0,0,2046,True,True,True,0,0,0
pyradiomics|hippocampus_155|cubic_1p3,pyradiomics,hippocampus_155,public_anatomical,mr,cubic_1p3,0,loaded_input,indeterminate,satisfied,blocked,intensity:indeterminate,5a29d275ca17e3dc3e6f2c8235e5909043e1335b362b431f65d15ac1730f783e,0.0,0.0078125,1,0,28,0,0,0,953,True,,True,0,0,0
pyradiomics|hippocampus_155|cubic_1p3,pyradiomics,hippocampus_155,public_anatomical,mr,cubic_1p3,1,shape_dispatch,indeterminate,satisfied,blocked,intensity:indeterminate,d3408236e8ff8965067d845226bcd8d7bf70c57dcc15529f99ebec09a262e77b,0.0,0.0078125,1,0,28,0,0,0,953,True,,True,0,0,0
pyradiomics|hippocampus_155|cubic_1p3,pyradiomics,hippocampus_155,public_anatomical,mr,cubic_1p3,2,feature_input:original,indeterminate,satisfied,blocked,intensity:indeterminate,81b9968b516580061ed8da2dbd8c04fcc2493c5e329a3adfb404ac61bcfc8378,1.2560739669470201e-15,0.0,0,0,1,0,0,0,953,True,,True,0,0,0
pyradiomics|hippocampus_155|linear_1p3,pyradiomics,hippocampus_155,public_anatomical,mr,linear_1p3,0,loaded_input,indeterminate,satisfied,blocked,intensity:indeterminate,ea774ff4524eb0622a97341d4d71e66d3d70db95b97a594a064d015bb514d6dc,0.0,0.03125,2,0,6,0,0,0,953,True,,True,0,0,0
pyradiomics|hippocampus_155|linear_1p3,pyradiomics,hippocampus_155,public_anatomical,mr,linear_1p3,1,shape_dispatch,indeterminate,satisfied,blocked,intensity:indeterminate,23f89597f86edbd7de76cea20780d6a841b1084e6de15f5252908fc41d110e34,0.0,0.03125,2,0,6,0,0,0,953,True,,True,0,0,0
pyradiomics|hippocampus_155|linear_1p3,pyradiomics,hippocampus_155,public_anatomical,mr,linear_1p3,2,feature_input:original,indeterminate,satisfied,blocked,intensity:indeterminate,ed76784947ff3437384c4f375036919433b3f2ed62716ccbc6cff5fcda262b0d,1.2560739669470201e-15,0.015625,1,0,1,0,0,0,953,True,,True,0,0,0
pyradiomics|hippocampus_238|identity,pyradiomics,hippocampus_238,public_anatomical,mr,identity,0,loaded_input,satisfied,satisfied,requires_reextraction,,0c63c86f35aaaa87ba545877fb921e2ac38df063b607c1ed8013b091fcf1fff0,0.0,0.0,0,0,0,0,0,0,2302,True,True,True,0,0,0
pyradiomics|hippocampus_238|identity,pyradiomics,hippocampus_238,public_anatomical,mr,identity,1,shape_dispatch,satisfied,satisfied,requires_reextraction,,56e54845fcb8f34a49720caa71728b0173eefb2cf4dfec593b9494567cee254c,0.0,0.0,0,0,0,0,0,0,2302,True,True,True,0,0,0
pyradiomics|hippocampus_238|identity,pyradiomics,hippocampus_238,public_anatomical,mr,identity,2,feature_input:original,satisfied,satisfied,requires_reextraction,,612b66802d615ef7b21fc5477b5018671b9b4611ac8c3d6f439489a11f25dae1,0.0,0.0,0,0,0,0,0,0,2302,True,True,True,0,0,0
pyradiomics|hippocampus_238|cubic_1p3,pyradiomics,hippocampus_238,public_anatomical,mr,cubic_1p3,0,loaded_input,satisfied,satisfied,requires_reextraction,,49b4192eefd3737c6360863b900cd12d1e62d04cb72c837ac643ede725842608,0.0,2.9802322387695312e-08,0,0,0,0,0,0,1034,True,True,True,0,0,0
pyradiomics|hippocampus_238|cubic_1p3,pyradiomics,hippocampus_238,public_anatomical,mr,cubic_1p3,1,shape_dispatch,satisfied,satisfied,requires_reextraction,,2bf0d9e78c837e1c2513a7b37c50c2745bf84f60d332b2cfc485de2dcf65c64b,0.0,2.9802322387695312e-08,0,0,0,0,0,0,1034,True,True,True,0,0,0
pyradiomics|hippocampus_238|cubic_1p3,pyradiomics,hippocampus_238,public_anatomical,mr,cubic_1p3,2,feature_input:original,satisfied,violated,blocked,,2fc6de55685ea9459b7de309033ad7feb13ded1215f3f7e9a7b85586884f4826,8.881784197001252e-16,0.0,0,0,0,0,0,0,1034,True,True,True,1,1,4
pyradiomics|hippocampus_238|linear_1p3,pyradiomics,hippocampus_238,public_anatomical,mr,linear_1p3,0,loaded_input,indeterminate,satisfied,blocked,intensity:indeterminate,18b0f977c07455521f1eb30ced932f4dab2722169cc6b3d07ccf6a47c2c4ffb3,0.0,6.103515625e-05,0,0,1,0,0,0,1034,True,,True,0,0,0
pyradiomics|hippocampus_238|linear_1p3,pyradiomics,hippocampus_238,public_anatomical,mr,linear_1p3,1,shape_dispatch,indeterminate,satisfied,blocked,intensity:indeterminate,4c19e13ce28023123834e568cbbf1ad3f985b8aeaccd5983da69d765315dad04,0.0,6.103515625e-05,0,0,1,0,0,0,1034,True,,True,0,0,0
pyradiomics|hippocampus_238|linear_1p3,pyradiomics,hippocampus_238,public_anatomical,mr,linear_1p3,2,feature_input:original,satisfied,violated,blocked,,3cf6204e0e0d3dbfaf12101316c007e377e86646c73b5a7bdd7b54e94d7e4d40,8.881784197001252e-16,0.0,0,0,0,0,0,0,1034,True,True,True,1,1,4
pyradiomics|hippocampus_288|identity,pyradiomics,hippocampus_288,public_anatomical,mr,identity,0,loaded_input,satisfied,satisfied,requires_reextraction,,d1282a61405ad9dae90b0729a329a4a94bb017e1521a5c4d287972075aae0e74,0.0,0.0,0,0,0,0,0,0,1850,True,True,True,0,0,0
pyradiomics|hippocampus_288|identity,pyradiomics,hippocampus_288,public_anatomical,mr,identity,1,shape_dispatch,satisfied,satisfied,requires_reextraction,,4ef113a70216d020234f9d2629139c694f8729d041f7ce9cc1bbdd5f14f397c7,0.0,0.0,0,0,0,0,0,0,1850,True,True,True,0,0,0
pyradiomics|hippocampus_288|identity,pyradiomics,hippocampus_288,public_anatomical,mr,identity,2,feature_input:original,satisfied,satisfied,requires_reextraction,,e085b933c226da6a0a6ea5ec01624d9d36155281520c80ac04e70824cf97159a,0.0,0.0,0,0,0,0,0,0,1850,True,True,True,0,0,0
pyradiomics|hippocampus_288|cubic_1p3,pyradiomics,hippocampus_288,public_anatomical,mr,cubic_1p3,0,loaded_input,satisfied,satisfied,requires_reextraction,,50fec3197727144a8c3fe717037d0b24cc3a0fa96e04f183a8ab4ba81a2d27f7,0.0,0.0,0,0,0,0,0,0,868,True,True,True,0,0,0
pyradiomics|hippocampus_288|cubic_1p3,pyradiomics,hippocampus_288,public_anatomical,mr,cubic_1p3,1,shape_dispatch,satisfied,satisfied,requires_reextraction,,2f6e416825c053c4e8b5ed3735aa944c769591e6cfc1446232542a55ed4b6103,0.0,0.0,0,0,0,0,0,0,868,True,True,True,0,0,0
pyradiomics|hippocampus_288|cubic_1p3,pyradiomics,hippocampus_288,public_anatomical,mr,cubic_1p3,2,feature_input:original,satisfied,indeterminate,blocked,,dd154ffa770f96ca3a279b039bacb44b8cd4b1c49e618e2df07cede28d3ab851,8.881784197001252e-16,0.0,0,0,0,0,0,0,868,True,True,True,0,0,4
pyradiomics|hippocampus_288|linear_1p3,pyradiomics,hippocampus_288,public_anatomical,mr,linear_1p3,0,loaded_input,satisfied,satisfied,requires_reextraction,,eaa9702fb0ec03796ccfda1bb2d5dd9bb962a320d7eb7132f76780bc5291fb3a,0.0,6.103515625e-05,0,0,0,0,0,0,868,True,True,True,0,0,0
pyradiomics|hippocampus_288|linear_1p3,pyradiomics,hippocampus_288,public_anatomical,mr,linear_1p3,1,shape_dispatch,satisfied,satisfied,requires_reextraction,,6339dacddc2a076d804ee1242ebd6d470d1c27e62023842a0f795e68aca8c4d4,0.0,6.103515625e-05,0,0,0,0,0,0,868,True,True,True,0,0,0
pyradiomics|hippocampus_288|linear_1p3,pyradiomics,hippocampus_288,public_anatomical,mr,linear_1p3,2,feature_input:original,satisfied,indeterminate,blocked,,bc90ac74779d93c0c5b9b2e1bcac8c1596dfd81262d8ea1753f584320856d909,8.881784197001252e-16,0.0,0,0,0,0,0,0,868,True,True,True,0,0,4
pyradiomics|hippocampus_393|identity,pyradiomics,hippocampus_393,public_anatomical,mr,identity,0,loaded_input,satisfied,satisfied,requires_reextraction,,40b1638c755a8f869ae03c14d907694f85ba854a3abdcb042a0b0f03599885f2,0.0,0.0,0,0,0,0,0,0,1864,True,True,True,0,0,0
pyradiomics|hippocampus_393|identity,pyradiomics,hippocampus_393,public_anatomical,mr,identity,1,shape_dispatch,satisfied,satisfied,requires_reextraction,,e118c749a5c11b8c50887252c2bd1f3b9bc8e3ca3e9a396a4c89509f53c97d56,0.0,0.0,0,0,0,0,0,0,1864,True,True,True,0,0,0
pyradiomics|hippocampus_393|identity,pyradiomics,hippocampus_393,public_anatomical,mr,identity,2,feature_input:original,satisfied,satisfied,requires_reextraction,,6e08fad215a41bbcc549905e3ec5acc037c4b3750e2f4bc5fbf09b69b9c22b0e,0.0,0.0,0,0,0,0,0,0,1864,True,True,True,0,0,0
pyradiomics|hippocampus_393|cubic_1p3,pyradiomics,hippocampus_393,public_anatomical,mr,cubic_1p3,0,loaded_input,satisfied,satisfied,requires_reextraction,,f5a2a6bb2d01a4dc8978e0124080859f0d48d292070f6490a20ae8620166c5d9,0.0,6.103515625e-05,0,0,0,0,0,0,860,True,True,True,0,0,0
pyradiomics|hippocampus_393|cubic_1p3,pyradiomics,hippocampus_393,public_anatomical,mr,cubic_1p3,1,shape_dispatch,satisfied,satisfied,requires_reextraction,,d6d1d7f84148b235578ac8b39a7aedac23a8ea2c97e77f0b2d39d9f6832fb492,0.0,6.103515625e-05,0,0,0,0,0,0,860,True,True,True,0,0,0
pyradiomics|hippocampus_393|cubic_1p3,pyradiomics,hippocampus_393,public_anatomical,mr,cubic_1p3,2,feature_input:original,satisfied,indeterminate,blocked,,dc69100c447b14ca1eb1506544c98a897af4feef724a71b4e5d5bf9859d77bd5,0.0,0.0,0,0,0,0,0,0,860,True,True,True,0,0,9
pyradiomics|hippocampus_393|linear_1p3,pyradiomics,hippocampus_393,public_anatomical,mr,linear_1p3,0,loaded_input,satisfied,satisfied,requires_reextraction,,94bb486624c01fe794f2c5f029120505bcf4617d5342858e25a14b993bc6fbde,0.0,3.0517578125e-05,0,0,0,0,0,0,860,True,True,True,0,0,0
pyradiomics|hippocampus_393|linear_1p3,pyradiomics,hippocampus_393,public_anatomical,mr,linear_1p3,1,shape_dispatch,satisfied,satisfied,requires_reextraction,,ede0190c254e83a042a22bc0e189b415f7d46865dc23648545a968cf30dcc00e,0.0,3.0517578125e-05,0,0,0,0,0,0,860,True,True,True,0,0,0
pyradiomics|hippocampus_393|linear_1p3,pyradiomics,hippocampus_393,public_anatomical,mr,linear_1p3,2,feature_input:original,satisfied,indeterminate,blocked,,f5925b99c5d01eb50916e89f88b2c7288b3fdb4cd55ae1afd45b089c562898ae,0.0,0.0,0,0,0,0,0,0,860,True,True,True,0,0,9
pyradiomics|hippocampus_172|identity,pyradiomics,hippocampus_172,public_anatomical,mr,identity,0,loaded_input,satisfied,satisfied,requires_reextraction,,0a9c0038452bd2428e22226694dd97b176487ec79a663bcd1f5c00d3f4dcdd7f,0.0,0.0,0,0,0,0,0,0,1981,True,True,True,0,0,0
pyradiomics|hippocampus_172|identity,pyradiomics,hippocampus_172,public_anatomical,mr,identity,1,shape_dispatch,satisfied,satisfied,requires_reextraction,,74d7c0eb90356c4b4c2fb6a03bbce3e85f985cba156c7979118136cfb4822b9d,0.0,0.0,0,0,0,0,0,0,1981,True,True,True,0,0,0
pyradiomics|hippocampus_172|identity,pyradiomics,hippocampus_172,public_anatomical,mr,identity,2,feature_input:original,satisfied,satisfied,requires_reextraction,,6681a3c4233bea65cc24ae0acd1509e38f3e877544aba3197b5c9bdd493ae59f,0.0,0.0,0,0,0,0,0,0,1981,True,True,True,0,0,0
pyradiomics|hippocampus_172|cubic_1p3,pyradiomics,hippocampus_172,public_anatomical,mr,cubic_1p3,0,loaded_input,unavailable,satisfied,blocked,Weighted integer output is outside the floating-point envelope; numerical_profile:indeterminate,b2f62956581588e4dcbb9f4cdb552e24f77959b40926dce02a6f1962a4d1be98,0.0,0.0,0,0,0,0,0,0,931,True,True,True,0,0,0
pyradiomics|hippocampus_172|cubic_1p3,pyradiomics,hippocampus_172,public_anatomical,mr,cubic_1p3,1,shape_dispatch,unavailable,satisfied,blocked,Weighted integer output is outside the floating-point envelope; numerical_profile:indeterminate,4b5b4dde753695a6a70c2cf6077b0a81cf79c1ed8fdae6500b7ce954bedc4a23,0.0,0.0,0,0,0,0,0,0,931,True,True,True,0,0,0
pyradiomics|hippocampus_172|cubic_1p3,pyradiomics,hippocampus_172,public_anatomical,mr,cubic_1p3,2,feature_input:original,unavailable,violated,blocked,Weighted integer output is outside the floating-point envelope; numerical_profile:indeterminate,c0ea36b4f90361967abb5a00f95ffff4bb19a2bbc0b32e0df8cc63132ea2f3fe,8.881784197001252e-16,0.0,0,0,0,0,0,0,931,True,True,True,26,26,35
pyradiomics|hippocampus_172|linear_1p3,pyradiomics,hippocampus_172,public_anatomical,mr,linear_1p3,0,loaded_input,unavailable,satisfied,blocked,Weighted integer output is outside the floating-point envelope; intensity:indeterminate; numerical_profile:indeterminate,5a141242ff36afaed920ee2a0f3b4a6186ca19ad50bf65db8352385bbafc119d,0.0,1.0,1,0,10,0,0,0,931,True,,True,0,0,0
pyradiomics|hippocampus_172|linear_1p3,pyradiomics,hippocampus_172,public_anatomical,mr,linear_1p3,1,shape_dispatch,unavailable,satisfied,blocked,Weighted integer output is outside the floating-point envelope; intensity:indeterminate; numerical_profile:indeterminate,563e6b5f1a516401c40fef4ef6899e020b235479b779f572b15717ba07175dd9,0.0,1.0,1,0,10,0,0,0,931,True,,True,0,0,0
pyradiomics|hippocampus_172|linear_1p3,pyradiomics,hippocampus_172,public_anatomical,mr,linear_1p3,2,feature_input:original,unavailable,violated,blocked,Weighted integer output is outside the floating-point envelope; intensity:indeterminate; numerical_profile:indeterminate,55abc0fb1aaa4f9634e51cd10b25a7e64c6413ef616169a6556715119dd02e78,8.881784197001252e-16,1.0,2,0,3,0,0,0,931,True,,True,26,26,35
pyradiomics|hippocampus_244|identity,pyradiomics,hippocampus_244,public_anatomical,mr,identity,0,loaded_input,satisfied,satisfied,requires_reextraction,,6b3e22279f27b26c4518a83d1ecad0b6df609d869347d45253a212b81469dbe8,0.0,0.0,0,0,0,0,0,0,1697,True,True,True,0,0,0
pyradiomics|hippocampus_244|identity,pyradiomics,hippocampus_244,public_anatomical,mr,identity,1,shape_dispatch,satisfied,satisfied,requires_reextraction,,5e7687cfc7b0ac675561eb49245c1ccedc961390b05a1e5c9ffbe134143c01ea,0.0,0.0,0,0,0,0,0,0,1697,True,True,True,0,0,0
pyradiomics|hippocampus_244|identity,pyradiomics,hippocampus_244,public_anatomical,mr,identity,2,feature_input:original,satisfied,satisfied,requires_reextraction,,dfdf12f3cf876f3719e2cf4ab9ccb882668230968aa679ae4339d17c623237c7,0.0,0.0,0,0,0,0,0,0,1697,True,True,True,0,0,0
pyradiomics|hippocampus_244|cubic_1p3,pyradiomics,hippocampus_244,public_anatomical,mr,cubic_1p3,0,loaded_input,satisfied,satisfied,requires_reextraction,,7491b43e3a4cf2685f31c08d48062a4d3dd3ac4d78364692d540544563a272c7,0.0,1.9073486328125e-06,0,0,0,0,0,0,803,True,True,True,0,0,0
pyradiomics|hippocampus_244|cubic_1p3,pyradiomics,hippocampus_244,public_anatomical,mr,cubic_1p3,1,shape_dispatch,satisfied,satisfied,requires_reextraction,,b499707a4168f58bf3ff8c7969ba1e6fed76ba2c7c3fbb3c3dd060792fddf3cd,0.0,1.9073486328125e-06,0,0,0,0,0,0,803,True,True,True,0,0,0
pyradiomics|hippocampus_244|cubic_1p3,pyradiomics,hippocampus_244,public_anatomical,mr,cubic_1p3,2,feature_input:original,satisfied,violated,blocked,,90014de4bb5cc63e0a87a7db7e254a41083f9979a3c38490c029c4216ae98146,8.881784197001252e-16,0.0,0,0,0,0,0,0,803,True,True,True,16,16,0
pyradiomics|hippocampus_244|linear_1p3,pyradiomics,hippocampus_244,public_anatomical,mr,linear_1p3,0,loaded_input,satisfied,satisfied,requires_reextraction,,c96833103e16c8336690c09d55cbde7f158c6cc8d1ac43b2f660f0dab3eb6eea,0.0,6.103515625e-05,0,0,0,0,0,0,803,True,True,True,0,0,0
pyradiomics|hippocampus_244|linear_1p3,pyradiomics,hippocampus_244,public_anatomical,mr,linear_1p3,1,shape_dispatch,satisfied,satisfied,requires_reextraction,,afd95b02c3152ec8afd5a183d82946383ed30b129cb6a799f91d425ded762687,0.0,6.103515625e-05,0,0,0,0,0,0,803,True,True,True,0,0,0
pyradiomics|hippocampus_244|linear_1p3,pyradiomics,hippocampus_244,public_anatomical,mr,linear_1p3,2,feature_input:original,satisfied,violated,blocked,,5187cbb4333e3cb63c32f29fdd0f1a7f70f1d8bd320ebd8a7a45b463949bc543,8.881784197001252e-16,0.0,0,0,0,0,0,0,803,True,True,True,16,16,0
pyradiomics|hippocampus_224|identity,pyradiomics,hippocampus_224,public_anatomical,mr,identity,0,loaded_input,satisfied,satisfied,requires_reextraction,,1667e20aeaa2f6a215bfdc639ce1e9efc4bb67b3157a9fab6df08d2004090f3e,0.0,0.0,0,0,0,0,0,0,2033,True,True,True,0,0,0
pyradiomics|hippocampus_224|identity,pyradiomics,hippocampus_224,public_anatomical,mr,identity,1,shape_dispatch,satisfied,satisfied,requires_reextraction,,587b19957acf67c5ca3f81b6f33e467bee1a466476acf254c87fb032fc304533,0.0,0.0,0,0,0,0,0,0,2033,True,True,True,0,0,0
pyradiomics|hippocampus_224|identity,pyradiomics,hippocampus_224,public_anatomical,mr,identity,2,feature_input:original,satisfied,satisfied,requires_reextraction,,65b3f69f7f526479f0ec28e7328a74be7eab43566c4415c8d939a80e89c00856,0.0,0.0,0,0,0,0,0,0,2033,True,True,True,0,0,0
pyradiomics|hippocampus_224|cubic_1p3,pyradiomics,hippocampus_224,public_anatomical,mr,cubic_1p3,0,loaded_input,satisfied,satisfied,requires_reextraction,,915c30877b0c8f73fa0302584ed56f08cae73b785d9edcfaa1539ef2fb6130ad,0.0,6.103515625e-05,0,0,0,0,0,0,946,True,True,True,0,0,0
pyradiomics|hippocampus_224|cubic_1p3,pyradiomics,hippocampus_224,public_anatomical,mr,cubic_1p3,1,shape_dispatch,satisfied,satisfied,requires_reextraction,,637ed27dc86e4ecfa4397376573a70b56b60be023fd9a4d9d0ee7955c597f113,0.0,6.103515625e-05,0,0,0,0,0,0,946,True,True,True,0,0,0
pyradiomics|hippocampus_224|cubic_1p3,pyradiomics,hippocampus_224,public_anatomical,mr,cubic_1p3,2,feature_input:original,satisfied,indeterminate,blocked,,0fd3b0fba8b44a5e6a7b4b134866e7285669098b99f2670ab208098562e513d7,1.2560739669470201e-15,0.0,0,0,0,0,0,0,946,True,True,True,0,0,4
pyradiomics|hippocampus_224|linear_1p3,pyradiomics,hippocampus_224,public_anatomical,mr,linear_1p3,0,loaded_input,indeterminate,satisfied,blocked,intensity:indeterminate,8555ac2a53d2a662b114df5e2986faf60304bd99754e709732048bd5163ccc51,0.0,6.103515625e-05,0,0,1,0,0,0,946,True,,True,0,0,0
pyradiomics|hippocampus_224|linear_1p3,pyradiomics,hippocampus_224,public_anatomical,mr,linear_1p3,1,shape_dispatch,indeterminate,satisfied,blocked,intensity:indeterminate,b1e5cff12551f01e1e738656a69de07b2a20261122601175b1267cc9e4af20b8,0.0,6.103515625e-05,0,0,1,0,0,0,946,True,,True,0,0,0
pyradiomics|hippocampus_224|linear_1p3,pyradiomics,hippocampus_224,public_anatomical,mr,linear_1p3,2,feature_input:original,satisfied,indeterminate,blocked,,862ccdc5f424a21c25653ebd41f4a78932af91aedfe37e35057bb20ed194881f,1.2560739669470201e-15,0.0,0,0,0,0,0,0,946,True,True,True,0,0,4
pyradiomics|hippocampus_193|identity,pyradiomics,hippocampus_193,public_anatomical,mr,identity,0,loaded_input,satisfied,satisfied,requires_reextraction,,6a5645c41d6cd2eec2686c24436a5a64f9e4215f6df3867de4c10d7a8adbc465,0.0,0.0,0,0,0,0,0,0,1351,True,True,True,0,0,0
pyradiomics|hippocampus_193|identity,pyradiomics,hippocampus_193,public_anatomical,mr,identity,1,shape_dispatch,satisfied,satisfied,requires_reextraction,,6f4efd3401a00f0bf69c565edbb32c772724d293c714a44b9017cc563ed7b594,0.0,0.0,0,0,0,0,0,0,1351,True,True,True,0,0,0
pyradiomics|hippocampus_193|identity,pyradiomics,hippocampus_193,public_anatomical,mr,identity,2,feature_input:original,satisfied,satisfied,requires_reextraction,,280518bacf6495f4687f262a49c3588c0b7feb6d7eeecf4766ea18e8899847b3,0.0,0.0,0,0,0,0,0,0,1351,True,True,True,0,0,0
pyradiomics|hippocampus_193|cubic_1p3,pyradiomics,hippocampus_193,public_anatomical,mr,cubic_1p3,0,loaded_input,indeterminate,satisfied,blocked,intensity:indeterminate,49156600397ff7274e7190bc97b2efd872ce2a308f102ab9fd1179bdf9bc9d93,0.0,0.015625,3,0,20,0,0,0,619,True,,True,0,0,0
pyradiomics|hippocampus_193|cubic_1p3,pyradiomics,hippocampus_193,public_anatomical,mr,cubic_1p3,1,shape_dispatch,indeterminate,satisfied,blocked,intensity:indeterminate,beff86ca1b1c02187378d02ebf96d53e800252047f93aa118d8410830ad60ae9,0.0,0.015625,3,0,20,0,0,0,619,True,,True,0,0,0
pyradiomics|hippocampus_193|cubic_1p3,pyradiomics,hippocampus_193,public_anatomical,mr,cubic_1p3,2,feature_input:original,satisfied,satisfied,requires_reextraction,,a95aa35f1ae004cbd99632a42e982f8f3843494b230f9caec0480527f3077ca4,1.2560739669470201e-15,0.0,0,0,0,0,0,0,619,True,True,True,0,0,0
pyradiomics|hippocampus_193|linear_1p3,pyradiomics,hippocampus_193,public_anatomical,mr,linear_1p3,0,loaded_input,indeterminate,satisfied,blocked,intensity:indeterminate,1650c961aa6d0902b1edf29c498a92dfc107fd444bade046caf8c2c65d4a8247,0.0,0.0,0,0,2,0,0,0,619,True,,True,0,0,0
pyradiomics|hippocampus_193|linear_1p3,pyradiomics,hippocampus_193,public_anatomical,mr,linear_1p3,1,shape_dispatch,indeterminate,satisfied,blocked,intensity:indeterminate,6f138d0525732794af4cd81c1296dd83276fa69b4f329f995cba28447b9513f2,0.0,0.0,0,0,2,0,0,0,619,True,,True,0,0,0
pyradiomics|hippocampus_193|linear_1p3,pyradiomics,hippocampus_193,public_anatomical,mr,linear_1p3,2,feature_input:original,satisfied,satisfied,requires_reextraction,,d18e76fe7cd2506232c2a7700a49ddaf80b1d634e91180993df277a649a3250e,1.2560739669470201e-15,0.0,0,0,0,0,0,0,619,True,True,True,0,0,0
pyradiomics|hippocampus_169|identity,pyradiomics,hippocampus_169,public_anatomical,mr,identity,0,loaded_input,satisfied,satisfied,requires_reextraction,,326147ed566b4aa2fbb08dc9c7064c28510995be25365e02d086eb30c5ab9b6f,0.0,0.0,0,0,0,0,0,0,1363,True,True,True,0,0,0
pyradiomics|hippocampus_169|identity,pyradiomics,hippocampus_169,public_anatomical,mr,identity,1,shape_dispatch,satisfied,satisfied,requires_reextraction,,71c9566ae483d8fcfd2874e71daea0807327d1b36ab3325864355a06170f3628,0.0,0.0,0,0,0,0,0,0,1363,True,True,True,0,0,0
pyradiomics|hippocampus_169|identity,pyradiomics,hippocampus_169,public_anatomical,mr,identity,2,feature_input:original,satisfied,satisfied,requires_reextraction,,c9d8a17e244fc6f4322c6edf5f22988720379bc71460ccfec8ce90196a410464,0.0,0.0,0,0,0,0,0,0,1363,True,True,True,0,0,0
pyradiomics|hippocampus_169|cubic_1p3,pyradiomics,hippocampus_169,public_anatomical,mr,cubic_1p3,0,loaded_input,indeterminate,satisfied,blocked,intensity:indeterminate,8e2a131502bc22ec612cc04e8f0d0a37850d927a17fef83d25c7ff65c877ef94,0.0,0.0078125,4,0,29,0,0,0,653,True,,True,0,0,0
pyradiomics|hippocampus_169|cubic_1p3,pyradiomics,hippocampus_169,public_anatomical,mr,cubic_1p3,1,shape_dispatch,indeterminate,satisfied,blocked,intensity:indeterminate,22dbf4a91689fff7cee9879e10f454e97a368e82101d79891f43e3cc17bf5ab2,0.0,0.0078125,4,0,29,0,0,0,653,True,,True,0,0,0
pyradiomics|hippocampus_169|cubic_1p3,pyradiomics,hippocampus_169,public_anatomical,mr,cubic_1p3,2,feature_input:original,satisfied,indeterminate,blocked,,a8dbfcc9c4a6d19c59aafe775d3fa7b427f139176ab584e551fa866a57d07505,0.0,0.0,0,0,0,0,0,0,653,True,True,True,0,0,31
pyradiomics|hippocampus_169|linear_1p3,pyradiomics,hippocampus_169,public_anatomical,mr,linear_1p3,0,loaded_input,indeterminate,satisfied,blocked,intensity:indeterminate,213d3a260f78c696021572f117c4d98414a2bfdb3e593943ab21932af1321caf,0.0,0.03125,4,0,15,0,0,0,653,True,,True,0,0,0
pyradiomics|hippocampus_169|linear_1p3,pyradiomics,hippocampus_169,public_anatomical,mr,linear_1p3,1,shape_dispatch,indeterminate,satisfied,blocked,intensity:indeterminate,fadf9f375caebe646557fea6f0c6778fc814a05647726ff465139a7723f577eb,0.0,0.03125,4,0,15,0,0,0,653,True,,True,0,0,0
pyradiomics|hippocampus_169|linear_1p3,pyradiomics,hippocampus_169,public_anatomical,mr,linear_1p3,2,feature_input:original,indeterminate,indeterminate,blocked,intensity:indeterminate,84724e4d6e70b6c5afc1a52b79246dc7be802324b3fbb09dc03409a46b9684c5,0.0,0.0,0,0,1,0,0,0,653,True,,True,0,0,31
pyradiomics|hippocampus_248|identity,pyradiomics,hippocampus_248,public_anatomical,mr,identity,0,loaded_input,satisfied,satisfied,requires_reextraction,,d15f1e3d0eb8c22cd252895ffd0afd7d0b7621e720fa9d14ff99dd9a92e0d3e6,0.0,0.0,0,0,0,0,0,0,1887,True,True,True,0,0,0
pyradiomics|hippocampus_248|identity,pyradiomics,hippocampus_248,public_anatomical,mr,identity,1,shape_dispatch,satisfied,satisfied,requires_reextraction,,50dd76d5f4b75475d42467307afb64529367bb71a7074715aa89bb689f0d29c7,0.0,0.0,0,0,0,0,0,0,1887,True,True,True,0,0,0
pyradiomics|hippocampus_248|identity,pyradiomics,hippocampus_248,public_anatomical,mr,identity,2,feature_input:original,satisfied,satisfied,requires_reextraction,,9f8727fe33f59fd171662079b55084c693a517806f7f7f7b19809873414a356a,0.0,0.0,0,0,0,0,0,0,1887,True,True,True,0,0,0
pyradiomics|hippocampus_248|cubic_1p3,pyradiomics,hippocampus_248,public_anatomical,mr,cubic_1p3,0,loaded_input,satisfied,satisfied,requires_reextraction,,b82c50212440401ebe44eb7e39d3ddf5a2845cb8143fcd4320a76f5fea673ab0,0.0,0.0,0,0,0,0,0,0,838,True,True,True,0,0,0
pyradiomics|hippocampus_248|cubic_1p3,pyradiomics,hippocampus_248,public_anatomical,mr,cubic_1p3,1,shape_dispatch,satisfied,satisfied,requires_reextraction,,644925e242b7c6f48d89d5cdd8551943de1670f58028150d3d634b368b72345e,0.0,0.0,0,0,0,0,0,0,838,True,True,True,0,0,0
pyradiomics|hippocampus_248|cubic_1p3,pyradiomics,hippocampus_248,public_anatomical,mr,cubic_1p3,2,feature_input:original,satisfied,satisfied,requires_reextraction,,f581baee918c9fffdda9c70b13b285b3bb537b4acc41d5e8981fc46b23c31462,8.881784197001252e-16,0.0,0,0,0,0,0,0,838,True,True,True,0,0,0
pyradiomics|hippocampus_248|linear_1p3,pyradiomics,hippocampus_248,public_anatomical,mr,linear_1p3,0,loaded_input,satisfied,satisfied,requires_reextraction,,83fcf975bd9c8c4be47c6c4895a7930b262e2fdb20f5106260d9d1081a90c89e,0.0,6.103515625e-05,0,0,0,0,0,0,838,True,True,True,0,0,0
pyradiomics|hippocampus_248|linear_1p3,pyradiomics,hippocampus_248,public_anatomical,mr,linear_1p3,1,shape_dispatch,satisfied,satisfied,requires_reextraction,,68dc21f4a79f798d7989cb33b6a628e66fac940ea76e7e10d9bc259964f7d99e,0.0,6.103515625e-05,0,0,0,0,0,0,838,True,True,True,0,0,0
pyradiomics|hippocampus_248|linear_1p3,pyradiomics,hippocampus_248,public_anatomical,mr,linear_1p3,2,feature_input:original,satisfied,satisfied,requires_reextraction,,754be2e4fb36d8ca088992c27bd23b590a2984e4af10209a02d4f73c3129724a,8.881784197001252e-16,3.0517578125e-05,0,0,0,0,0,0,838,True,True,True,0,0,0
pyradiomics|spleen_22|identity,pyradiomics,spleen_22,public_anatomical,ct,identity,0,loaded_input,satisfied,satisfied,requires_reextraction,,38cce22687045160756d351fc862d4e3ff424a40f5713041781df5e136ade3f5,0.0,0.0,0,0,0,0,0,0,194955,True,True,True,0,0,0
pyradiomics|spleen_22|identity,pyradiomics,spleen_22,public_anatomical,ct,identity,1,shape_dispatch,satisfied,satisfied,requires_reextraction,,a22d88cc9a1eded57f99209f12c7e97130bb4b92edb94e3092fa0997504aa1b6,0.0,0.0,0,0,0,0,0,0,194955,True,True,True,0,0,0
pyradiomics|spleen_22|identity,pyradiomics,spleen_22,public_anatomical,ct,identity,2,feature_input:original,satisfied,satisfied,requires_reextraction,,b6dda923339ee25c46aece09c9d38099b59621b9e2faf0937772182b877d0034,0.0,0.0,0,0,0,0,0,0,194955,True,True,True,0,0,0
pyradiomics|spleen_28|identity,pyradiomics,spleen_28,public_anatomical,ct,identity,0,loaded_input,satisfied,satisfied,requires_reextraction,,26bfdb1f4c40afe9b354423b0002cf81786a8085668a454eb796448ad15c679d,0.0,0.0,0,0,0,0,0,0,36641,True,True,True,0,0,0
pyradiomics|spleen_28|identity,pyradiomics,spleen_28,public_anatomical,ct,identity,1,shape_dispatch,satisfied,satisfied,requires_reextraction,,87bb04e92fefcba31530d8c18a59769efd6bcdd7767a3b1db96869bacefa141c,0.0,0.0,0,0,0,0,0,0,36641,True,True,True,0,0,0
pyradiomics|spleen_28|identity,pyradiomics,spleen_28,public_anatomical,ct,identity,2,feature_input:original,satisfied,satisfied,requires_reextraction,,ee1997925f3154a0842df303a5ac4205b16acc3c8007ab4be6e9f67b54b65af0,0.0,0.0,0,0,0,0,0,0,36641,True,True,True,0,0,0
