engine,input_id,source_kind,modality,operation,completed,total_seconds,pair_id,status,native_values_unchanged,record_present,numeric_digest_equal,baseline_seconds,audited_seconds,baseline_value_count,observed_value_count,baseline_nonfinite_count,observed_nonfinite_count,checkpoint_count,relationship_acceptance,reason,raw_configuration_sha256,baseline_values_sha256,observed_values_sha256,resolved_configuration_sha256
mirp,synthetic_921101,synthetic,mr,identity,True,7.738951899998938,mirp|synthetic_921101|identity,satisfied,True,True,True,3.5679936000015005,2.9159491999998863,185,185,0,0,1,True,,8965534a66c35246091191ffa9ba716d48484c58bc2c59b6a3a8569c5f7e4a9d,14af28bb1165ee25cf5d830fc6f28f6f3412ba041b28978eada908b79fd9757d,14af28bb1165ee25cf5d830fc6f28f6f3412ba041b28978eada908b79fd9757d,8965534a66c35246091191ffa9ba716d48484c58bc2c59b6a3a8569c5f7e4a9d
mirp,synthetic_921101,synthetic,mr,cubic_1p3,True,6.942959599997266,mirp|synthetic_921101|cubic_1p3,satisfied,True,True,True,2.177927799999452,3.6101546000027156,185,185,0,0,1,True,,b2fa5bfc8a4cdfed9730732024361d9562a8f77ae1972ac5c9bc397477711a3f,37e65cb54b7e713a74049d0c91dd9349080b6450669661f749263e7c33f4657b,37e65cb54b7e713a74049d0c91dd9349080b6450669661f749263e7c33f4657b,b2fa5bfc8a4cdfed9730732024361d9562a8f77ae1972ac5c9bc397477711a3f
mirp,synthetic_921101,synthetic,mr,linear_1p3,True,6.620686199999909,mirp|synthetic_921101|linear_1p3,satisfied,True,True,True,2.4868279000002076,2.9843280000022787,185,185,0,0,1,True,,241bdfb7df022ed113f0433b912019f2127935e0bd299e37983097b7122da3fa,bfd8c774692e86cbe97f662ad47f2b3ce60bb676b76aa26b75d5bc15bd4e18ca,bfd8c774692e86cbe97f662ad47f2b3ce60bb676b76aa26b75d5bc15bd4e18ca,241bdfb7df022ed113f0433b912019f2127935e0bd299e37983097b7122da3fa
mirp,synthetic_921102,synthetic,mr,identity,True,7.9711967000002915,mirp|synthetic_921102|identity,satisfied,True,True,True,3.075804000000062,3.636856400000397,185,185,0,0,1,True,,8965534a66c35246091191ffa9ba716d48484c58bc2c59b6a3a8569c5f7e4a9d,118962370b2026232599fed9290d80e3f05e3d08deab2c87183aa9d3e659ff8c,118962370b2026232599fed9290d80e3f05e3d08deab2c87183aa9d3e659ff8c,8965534a66c35246091191ffa9ba716d48484c58bc2c59b6a3a8569c5f7e4a9d
mirp,synthetic_921102,synthetic,mr,cubic_1p3,True,10.79338330000246,mirp|synthetic_921102|cubic_1p3,satisfied,True,True,True,3.992106000001513,5.638127999998687,185,185,0,0,1,True,,b2fa5bfc8a4cdfed9730732024361d9562a8f77ae1972ac5c9bc397477711a3f,a39f0293a7699b4278dfa60d073045245012b1c6b0e8df6063a9b6cca4816b43,a39f0293a7699b4278dfa60d073045245012b1c6b0e8df6063a9b6cca4816b43,b2fa5bfc8a4cdfed9730732024361d9562a8f77ae1972ac5c9bc397477711a3f
mirp,synthetic_921102,synthetic,mr,linear_1p3,True,8.481339500001923,mirp|synthetic_921102|linear_1p3,satisfied,True,True,True,3.3609207999979844,4.031697599999461,185,185,0,0,1,True,,241bdfb7df022ed113f0433b912019f2127935e0bd299e37983097b7122da3fa,6048540faa360a7f4a2a2beab58334703adae040e91f14022be97e30dd434a83,6048540faa360a7f4a2a2beab58334703adae040e91f14022be97e30dd434a83,241bdfb7df022ed113f0433b912019f2127935e0bd299e37983097b7122da3fa
mirp,synthetic_921103,synthetic,mr,identity,True,11.590543800000887,mirp|synthetic_921103|identity,satisfied,True,True,True,4.889846800000669,5.57806680000067,185,185,0,0,1,True,,8965534a66c35246091191ffa9ba716d48484c58bc2c59b6a3a8569c5f7e4a9d,250f9c68ce5017710aa7be5cbfc5480ee9733e8f7422b25e607cbd699b5c7852,250f9c68ce5017710aa7be5cbfc5480ee9733e8f7422b25e607cbd699b5c7852,8965534a66c35246091191ffa9ba716d48484c58bc2c59b6a3a8569c5f7e4a9d
mirp,synthetic_921103,synthetic,mr,cubic_1p3,True,10.762470899997425,mirp|synthetic_921103|cubic_1p3,satisfied,True,True,True,3.3107762999970873,6.25971859999845,185,185,0,0,1,True,,b2fa5bfc8a4cdfed9730732024361d9562a8f77ae1972ac5c9bc397477711a3f,65af80030f5cecca95969dc2a19724492e24c054736acc0abe4ef6e4df5cabbc,65af80030f5cecca95969dc2a19724492e24c054736acc0abe4ef6e4df5cabbc,b2fa5bfc8a4cdfed9730732024361d9562a8f77ae1972ac5c9bc397477711a3f
mirp,synthetic_921103,synthetic,mr,linear_1p3,True,13.71607959999892,mirp|synthetic_921103|linear_1p3,satisfied,True,True,True,5.804095799998322,6.61112299999877,185,185,0,0,1,True,,241bdfb7df022ed113f0433b912019f2127935e0bd299e37983097b7122da3fa,1fca1ebd63eb9844767ad8dc5ff0b28cb58a77d8f7a58cff5498cc88898116dc,1fca1ebd63eb9844767ad8dc5ff0b28cb58a77d8f7a58cff5498cc88898116dc,241bdfb7df022ed113f0433b912019f2127935e0bd299e37983097b7122da3fa
mirp,synthetic_921104,synthetic,mr,identity,True,12.320194600000832,mirp|synthetic_921104|identity,satisfied,True,True,True,4.879020899999887,6.11473240000123,185,185,0,0,1,True,,8965534a66c35246091191ffa9ba716d48484c58bc2c59b6a3a8569c5f7e4a9d,3c218e8f458d9b78aa6db4b8fc92bbc6d5f01fa8a6182f51d67ed27e5df78014,3c218e8f458d9b78aa6db4b8fc92bbc6d5f01fa8a6182f51d67ed27e5df78014,8965534a66c35246091191ffa9ba716d48484c58bc2c59b6a3a8569c5f7e4a9d
mirp,synthetic_921104,synthetic,mr,cubic_1p3,True,14.680538599997817,mirp|synthetic_921104|cubic_1p3,satisfied,True,True,True,5.142966399998841,7.959475300001941,185,185,0,0,1,True,,b2fa5bfc8a4cdfed9730732024361d9562a8f77ae1972ac5c9bc397477711a3f,e8c3b9dffdf49193d6f44498f220b901cb2bb1c1d69ece667a9eaea2ae3aa6c8,e8c3b9dffdf49193d6f44498f220b901cb2bb1c1d69ece667a9eaea2ae3aa6c8,b2fa5bfc8a4cdfed9730732024361d9562a8f77ae1972ac5c9bc397477711a3f
mirp,synthetic_921104,synthetic,mr,linear_1p3,True,10.773451599998225,mirp|synthetic_921104|linear_1p3,satisfied,True,True,True,5.120410599996831,4.155808200001047,185,185,0,0,1,True,,241bdfb7df022ed113f0433b912019f2127935e0bd299e37983097b7122da3fa,24ff6a25273eac3357c7899b41bb792717a79be7b6ad9fb4f99cb477b48e6a34,24ff6a25273eac3357c7899b41bb792717a79be7b6ad9fb4f99cb477b48e6a34,241bdfb7df022ed113f0433b912019f2127935e0bd299e37983097b7122da3fa
mirp,synthetic_921105,synthetic,mr,identity,True,9.191219099997397,mirp|synthetic_921105|identity,satisfied,True,True,True,3.61276259999795,4.213227899999765,185,185,0,0,1,True,,8965534a66c35246091191ffa9ba716d48484c58bc2c59b6a3a8569c5f7e4a9d,d56f99228ca500d627260689c47250b9645aea7eaf7899dd2dd7c53a849be8f9,d56f99228ca500d627260689c47250b9645aea7eaf7899dd2dd7c53a849be8f9,8965534a66c35246091191ffa9ba716d48484c58bc2c59b6a3a8569c5f7e4a9d
mirp,synthetic_921105,synthetic,mr,cubic_1p3,True,13.410696799997822,mirp|synthetic_921105|cubic_1p3,satisfied,True,True,True,4.80217249999987,6.969158399999287,185,185,0,0,1,True,,b2fa5bfc8a4cdfed9730732024361d9562a8f77ae1972ac5c9bc397477711a3f,c865fbfae0264f058bc32a988f0ac2a2526cc78178157e656e09f8a265c1660d,c865fbfae0264f058bc32a988f0ac2a2526cc78178157e656e09f8a265c1660d,b2fa5bfc8a4cdfed9730732024361d9562a8f77ae1972ac5c9bc397477711a3f
mirp,synthetic_921105,synthetic,mr,linear_1p3,True,9.247388200001296,mirp|synthetic_921105|linear_1p3,satisfied,True,True,True,4.282310499998857,3.3865249999980733,185,185,0,0,1,True,,241bdfb7df022ed113f0433b912019f2127935e0bd299e37983097b7122da3fa,99f9b11cf2930f5057ec3be5cce2372bd35a2cd9126af18d09e5a28e08a6ebcf,99f9b11cf2930f5057ec3be5cce2372bd35a2cd9126af18d09e5a28e08a6ebcf,241bdfb7df022ed113f0433b912019f2127935e0bd299e37983097b7122da3fa
mirp,synthetic_921106,synthetic,mr,identity,True,11.353719799997634,mirp|synthetic_921106|identity,satisfied,True,True,True,4.842666500000632,5.158222300000489,185,185,0,0,1,True,,8965534a66c35246091191ffa9ba716d48484c58bc2c59b6a3a8569c5f7e4a9d,e70fecbb8f1daa7a72c6cde65f1e127661ca747525435bde978b78f2fff9f7f6,e70fecbb8f1daa7a72c6cde65f1e127661ca747525435bde978b78f2fff9f7f6,8965534a66c35246091191ffa9ba716d48484c58bc2c59b6a3a8569c5f7e4a9d
mirp,synthetic_921106,synthetic,mr,cubic_1p3,True,13.153576799999428,mirp|synthetic_921106|cubic_1p3,satisfied,True,True,True,4.506680899998173,7.341991400000552,185,185,0,0,1,True,,b2fa5bfc8a4cdfed9730732024361d9562a8f77ae1972ac5c9bc397477711a3f,8339a2839435ee82f4eb347f926c9f6d8870933f9b04f78c2bd1306ded67a8ff,8339a2839435ee82f4eb347f926c9f6d8870933f9b04f78c2bd1306ded67a8ff,b2fa5bfc8a4cdfed9730732024361d9562a8f77ae1972ac5c9bc397477711a3f
mirp,synthetic_921106,synthetic,mr,linear_1p3,True,7.242988199999672,mirp|synthetic_921106|linear_1p3,satisfied,True,True,True,2.818066700001509,3.3599623999980395,185,185,0,0,1,True,,241bdfb7df022ed113f0433b912019f2127935e0bd299e37983097b7122da3fa,6fd9f3e85328996c2d913f4fa640131a6ed0d63e26022ebd799e1a52007a7ddd,6fd9f3e85328996c2d913f4fa640131a6ed0d63e26022ebd799e1a52007a7ddd,241bdfb7df022ed113f0433b912019f2127935e0bd299e37983097b7122da3fa
mirp,synthetic_921107,synthetic,mr,identity,True,8.593275100000028,mirp|synthetic_921107|identity,satisfied,True,True,True,3.7511769000011554,3.750082399998064,185,185,0,0,1,True,,8965534a66c35246091191ffa9ba716d48484c58bc2c59b6a3a8569c5f7e4a9d,fbb38f34ae4c113c4b2a6d25e8fd4e33e39c11c475219e1e5e70856d8917be01,fbb38f34ae4c113c4b2a6d25e8fd4e33e39c11c475219e1e5e70856d8917be01,8965534a66c35246091191ffa9ba716d48484c58bc2c59b6a3a8569c5f7e4a9d
mirp,synthetic_921107,synthetic,mr,cubic_1p3,True,9.639605799999117,mirp|synthetic_921107|cubic_1p3,satisfied,True,True,True,3.7170678000002226,4.83059460000004,185,185,0,0,1,True,,b2fa5bfc8a4cdfed9730732024361d9562a8f77ae1972ac5c9bc397477711a3f,c368a60d0c0b0e7ef680d30b912cc2f3681607ba3b1d9f26480726583916a1c8,c368a60d0c0b0e7ef680d30b912cc2f3681607ba3b1d9f26480726583916a1c8,b2fa5bfc8a4cdfed9730732024361d9562a8f77ae1972ac5c9bc397477711a3f
mirp,synthetic_921107,synthetic,mr,linear_1p3,True,9.021218800000497,mirp|synthetic_921107|linear_1p3,satisfied,True,True,True,3.6396037000013166,4.2362601999993785,185,185,0,0,1,True,,241bdfb7df022ed113f0433b912019f2127935e0bd299e37983097b7122da3fa,ad392d4bdad8736fd412503fec7229cc8640b2abf79403709a32f9a804db48c9,ad392d4bdad8736fd412503fec7229cc8640b2abf79403709a32f9a804db48c9,241bdfb7df022ed113f0433b912019f2127935e0bd299e37983097b7122da3fa
mirp,synthetic_921108,synthetic,mr,identity,True,10.385114799999428,mirp|synthetic_921108|identity,satisfied,True,True,True,4.285774500000116,4.691837899998063,185,185,0,0,1,True,,8965534a66c35246091191ffa9ba716d48484c58bc2c59b6a3a8569c5f7e4a9d,841967aacfae84098e2eb38ae5ede04e05ec11cc0ba2e474a09b7faa0546f125,841967aacfae84098e2eb38ae5ede04e05ec11cc0ba2e474a09b7faa0546f125,8965534a66c35246091191ffa9ba716d48484c58bc2c59b6a3a8569c5f7e4a9d
mirp,synthetic_921108,synthetic,mr,cubic_1p3,True,13.441543799999636,mirp|synthetic_921108|cubic_1p3,satisfied,True,True,True,4.5110129000022425,7.753756300000532,185,185,0,0,1,True,,b2fa5bfc8a4cdfed9730732024361d9562a8f77ae1972ac5c9bc397477711a3f,915227ba30ea0b2208ed07900a9a5362d8986979d1f2c02b001c56eae689546a,915227ba30ea0b2208ed07900a9a5362d8986979d1f2c02b001c56eae689546a,b2fa5bfc8a4cdfed9730732024361d9562a8f77ae1972ac5c9bc397477711a3f
mirp,synthetic_921108,synthetic,mr,linear_1p3,True,12.147944699998334,mirp|synthetic_921108|linear_1p3,satisfied,True,True,True,5.169471000001067,5.715703500001837,185,185,0,0,1,True,,241bdfb7df022ed113f0433b912019f2127935e0bd299e37983097b7122da3fa,ea3ad2f9ff42d0cee973e5328b7cc15de0cb4017dbd094f7d2448338034cf30c,ea3ad2f9ff42d0cee973e5328b7cc15de0cb4017dbd094f7d2448338034cf30c,241bdfb7df022ed113f0433b912019f2127935e0bd299e37983097b7122da3fa
mirp,hippocampus_287,public_anatomical,mr,identity,True,15.005947099998593,mirp|hippocampus_287|identity,satisfied,True,True,True,7.032953900001303,6.668643499997415,185,185,0,0,1,True,,8965534a66c35246091191ffa9ba716d48484c58bc2c59b6a3a8569c5f7e4a9d,a190c6136bde030d6e567726450b5e454f83f96035ab239fe27de7ed2f802e6a,a190c6136bde030d6e567726450b5e454f83f96035ab239fe27de7ed2f802e6a,8965534a66c35246091191ffa9ba716d48484c58bc2c59b6a3a8569c5f7e4a9d
mirp,hippocampus_287,public_anatomical,mr,cubic_1p3,True,6.5431736999998975,mirp|hippocampus_287|cubic_1p3,satisfied,True,True,True,1.680756299996574,3.719909799998277,185,185,0,0,1,True,,b2fa5bfc8a4cdfed9730732024361d9562a8f77ae1972ac5c9bc397477711a3f,455673346eb744870685b45cc11f4911a21e00ef438e1d86bd580bc89fdb83cb,455673346eb744870685b45cc11f4911a21e00ef438e1d86bd580bc89fdb83cb,b2fa5bfc8a4cdfed9730732024361d9562a8f77ae1972ac5c9bc397477711a3f
mirp,hippocampus_287,public_anatomical,mr,linear_1p3,True,5.281270300001779,mirp|hippocampus_287|linear_1p3,indeterminate,True,True,True,1.9147736000013538,2.092191299998376,185,185,0,0,1,False,,241bdfb7df022ed113f0433b912019f2127935e0bd299e37983097b7122da3fa,faa7a3e6f432dd4a81a651dbca616e6432fa49d5e1d954ec7fa7f8141edc67e6,faa7a3e6f432dd4a81a651dbca616e6432fa49d5e1d954ec7fa7f8141edc67e6,241bdfb7df022ed113f0433b912019f2127935e0bd299e37983097b7122da3fa
mirp,hippocampus_332,public_anatomical,mr,identity,True,10.232583799999702,mirp|hippocampus_332|identity,satisfied,True,True,True,4.689154799998505,4.374627100001817,185,185,0,0,1,True,,8965534a66c35246091191ffa9ba716d48484c58bc2c59b6a3a8569c5f7e4a9d,80a32dab1e155664cf0b0a830402282e624df982dbdea4863a0ccfa2ea1719a5,80a32dab1e155664cf0b0a830402282e624df982dbdea4863a0ccfa2ea1719a5,8965534a66c35246091191ffa9ba716d48484c58bc2c59b6a3a8569c5f7e4a9d
mirp,hippocampus_332,public_anatomical,mr,cubic_1p3,True,6.001151000000391,mirp|hippocampus_332|cubic_1p3,satisfied,True,True,True,1.7494229000003543,3.10975580000013,185,185,0,0,1,True,,b2fa5bfc8a4cdfed9730732024361d9562a8f77ae1972ac5c9bc397477711a3f,8737a50dbbbddfeb88fbd1a980da53be088e0e51220a05e2ab9ed0142107edaa,8737a50dbbbddfeb88fbd1a980da53be088e0e51220a05e2ab9ed0142107edaa,b2fa5bfc8a4cdfed9730732024361d9562a8f77ae1972ac5c9bc397477711a3f
mirp,hippocampus_332,public_anatomical,mr,linear_1p3,True,4.747756999997364,mirp|hippocampus_332|linear_1p3,satisfied,True,True,True,1.77406030000202,1.8980941000008897,185,185,0,0,1,True,,241bdfb7df022ed113f0433b912019f2127935e0bd299e37983097b7122da3fa,e2cb4a3723d98f01a45a8f3bd96aab4a7ce8c29dc18a83850128f078ebd5274c,e2cb4a3723d98f01a45a8f3bd96aab4a7ce8c29dc18a83850128f078ebd5274c,241bdfb7df022ed113f0433b912019f2127935e0bd299e37983097b7122da3fa
mirp,hippocampus_155,public_anatomical,mr,identity,True,10.920427900000504,mirp|hippocampus_155|identity,satisfied,True,True,True,4.430095399999118,5.402600900000834,185,185,0,0,1,True,,8965534a66c35246091191ffa9ba716d48484c58bc2c59b6a3a8569c5f7e4a9d,a746dfc442b53f288a4367c41d9c259973cee2e05d96ac6a3971b6cc0726ad11,a746dfc442b53f288a4367c41d9c259973cee2e05d96ac6a3971b6cc0726ad11,8965534a66c35246091191ffa9ba716d48484c58bc2c59b6a3a8569c5f7e4a9d
mirp,hippocampus_155,public_anatomical,mr,cubic_1p3,True,7.668560000001889,mirp|hippocampus_155|cubic_1p3,indeterminate,True,True,True,2.2512089000010747,4.303752100000565,185,185,0,0,1,False,,b2fa5bfc8a4cdfed9730732024361d9562a8f77ae1972ac5c9bc397477711a3f,3eff3f9a9738bddfcd20d0b75e842ade448a73c7c960f094454a311ef96844d0,3eff3f9a9738bddfcd20d0b75e842ade448a73c7c960f094454a311ef96844d0,b2fa5bfc8a4cdfed9730732024361d9562a8f77ae1972ac5c9bc397477711a3f
mirp,hippocampus_155,public_anatomical,mr,linear_1p3,True,6.622443800002657,mirp|hippocampus_155|linear_1p3,indeterminate,True,True,True,2.4030086000020674,3.0382150999976147,185,185,0,0,1,False,,241bdfb7df022ed113f0433b912019f2127935e0bd299e37983097b7122da3fa,30c80db316e9fa2b9a971e0f5aa01b47e3593c62f9608d21cbea9b33d2545ef6,30c80db316e9fa2b9a971e0f5aa01b47e3593c62f9608d21cbea9b33d2545ef6,241bdfb7df022ed113f0433b912019f2127935e0bd299e37983097b7122da3fa
mirp,hippocampus_238,public_anatomical,mr,identity,True,13.457184399998368,mirp|hippocampus_238|identity,satisfied,True,True,True,5.674441400002252,6.605613899999298,185,185,0,0,1,True,,8965534a66c35246091191ffa9ba716d48484c58bc2c59b6a3a8569c5f7e4a9d,50092a1e438fa0f14d8133e2a4de634d5276b93bd154f4cd16a559381e77f39c,50092a1e438fa0f14d8133e2a4de634d5276b93bd154f4cd16a559381e77f39c,8965534a66c35246091191ffa9ba716d48484c58bc2c59b6a3a8569c5f7e4a9d
mirp,hippocampus_238,public_anatomical,mr,cubic_1p3,True,16.397605699999986,mirp|hippocampus_238|cubic_1p3,satisfied,True,True,True,6.966183100001217,8.148887100000138,185,185,0,0,1,True,,b2fa5bfc8a4cdfed9730732024361d9562a8f77ae1972ac5c9bc397477711a3f,0d94e32bbe8ef05c1200b1f014bdf1f094d675d6dc910d93cba114b3e13a1fde,0d94e32bbe8ef05c1200b1f014bdf1f094d675d6dc910d93cba114b3e13a1fde,b2fa5bfc8a4cdfed9730732024361d9562a8f77ae1972ac5c9bc397477711a3f
mirp,hippocampus_238,public_anatomical,mr,linear_1p3,True,11.492657800001325,mirp|hippocampus_238|linear_1p3,satisfied,True,True,True,4.814801599997736,5.3766408000010415,185,185,0,0,1,True,,241bdfb7df022ed113f0433b912019f2127935e0bd299e37983097b7122da3fa,2e17599c76cb8a8cc54327a1a9f298eb2c24ef8dd7712e17d66953b695b02ab9,2e17599c76cb8a8cc54327a1a9f298eb2c24ef8dd7712e17d66953b695b02ab9,241bdfb7df022ed113f0433b912019f2127935e0bd299e37983097b7122da3fa
mirp,hippocampus_288,public_anatomical,mr,identity,True,14.716737900002045,mirp|hippocampus_288|identity,satisfied,True,True,True,6.248482800001511,7.236656400000356,185,185,0,0,1,True,,8965534a66c35246091191ffa9ba716d48484c58bc2c59b6a3a8569c5f7e4a9d,24442ecced612d13f3785505281cb04d714ea9f9637aa42aaa098aaa79e5ba25,24442ecced612d13f3785505281cb04d714ea9f9637aa42aaa098aaa79e5ba25,8965534a66c35246091191ffa9ba716d48484c58bc2c59b6a3a8569c5f7e4a9d
mirp,hippocampus_288,public_anatomical,mr,cubic_1p3,True,6.9928321999977925,mirp|hippocampus_288|cubic_1p3,satisfied,True,True,True,1.8030785000009928,4.027576999997109,185,185,0,0,1,True,,b2fa5bfc8a4cdfed9730732024361d9562a8f77ae1972ac5c9bc397477711a3f,9877f822a135742e3f08add17d4bca48d850bfa28ea66ccbe1d5abc74a769925,9877f822a135742e3f08add17d4bca48d850bfa28ea66ccbe1d5abc74a769925,b2fa5bfc8a4cdfed9730732024361d9562a8f77ae1972ac5c9bc397477711a3f
mirp,hippocampus_288,public_anatomical,mr,linear_1p3,True,6.7824895000012475,mirp|hippocampus_288|linear_1p3,indeterminate,True,True,True,2.4591770000006363,2.974597199998243,185,185,0,0,1,False,,241bdfb7df022ed113f0433b912019f2127935e0bd299e37983097b7122da3fa,56d844f4287a028348e2cf597be0e1c6db335bda804365750e0ba96ebcfd7fa8,56d844f4287a028348e2cf597be0e1c6db335bda804365750e0ba96ebcfd7fa8,241bdfb7df022ed113f0433b912019f2127935e0bd299e37983097b7122da3fa
mirp,hippocampus_393,public_anatomical,mr,identity,True,11.822609200000443,mirp|hippocampus_393|identity,satisfied,True,True,True,4.884641799999372,5.59524390000297,185,185,0,0,1,True,,8965534a66c35246091191ffa9ba716d48484c58bc2c59b6a3a8569c5f7e4a9d,9d883684e2c5d1c0985165483dda3d7204d8d6671370053880865075812a8dd8,9d883684e2c5d1c0985165483dda3d7204d8d6671370053880865075812a8dd8,8965534a66c35246091191ffa9ba716d48484c58bc2c59b6a3a8569c5f7e4a9d
mirp,hippocampus_393,public_anatomical,mr,cubic_1p3,True,8.001056500001141,mirp|hippocampus_393|cubic_1p3,satisfied,True,True,True,2.7179840999997396,4.042590199998813,185,185,0,0,1,True,,b2fa5bfc8a4cdfed9730732024361d9562a8f77ae1972ac5c9bc397477711a3f,24bb5e1c9a9cee497816283d5ed9b6312bf28abe03201bcfc91220cbdb0446dc,24bb5e1c9a9cee497816283d5ed9b6312bf28abe03201bcfc91220cbdb0446dc,b2fa5bfc8a4cdfed9730732024361d9562a8f77ae1972ac5c9bc397477711a3f
mirp,hippocampus_393,public_anatomical,mr,linear_1p3,True,4.873425699999643,mirp|hippocampus_393|linear_1p3,indeterminate,True,True,True,1.7799837999991723,2.0606370999994397,185,185,0,0,1,False,,241bdfb7df022ed113f0433b912019f2127935e0bd299e37983097b7122da3fa,f36ebf205358fb99531f3bc2271663f0d26bd69f5e5a843fcfc8e0a21cc5a1a2,f36ebf205358fb99531f3bc2271663f0d26bd69f5e5a843fcfc8e0a21cc5a1a2,241bdfb7df022ed113f0433b912019f2127935e0bd299e37983097b7122da3fa
mirp,hippocampus_172,public_anatomical,mr,identity,True,8.5385477000018,mirp|hippocampus_172|identity,satisfied,True,True,True,3.397396000000299,4.034352999999101,185,185,0,0,1,True,,8965534a66c35246091191ffa9ba716d48484c58bc2c59b6a3a8569c5f7e4a9d,014eceaed40779476646cfeea9ed9c201547183bf2475a82180c138b2b20aab0,014eceaed40779476646cfeea9ed9c201547183bf2475a82180c138b2b20aab0,8965534a66c35246091191ffa9ba716d48484c58bc2c59b6a3a8569c5f7e4a9d
mirp,hippocampus_172,public_anatomical,mr,cubic_1p3,True,5.219462100001692,mirp|hippocampus_172|cubic_1p3,unavailable,True,True,True,1.9944646000003559,2.1519095999974525,185,185,0,0,1,False,,b2fa5bfc8a4cdfed9730732024361d9562a8f77ae1972ac5c9bc397477711a3f,837748711d28cb62251e98eaf64ed478fcf785bb8050bf8a5e896464bb5c5a50,837748711d28cb62251e98eaf64ed478fcf785bb8050bf8a5e896464bb5c5a50,b2fa5bfc8a4cdfed9730732024361d9562a8f77ae1972ac5c9bc397477711a3f
mirp,hippocampus_172,public_anatomical,mr,linear_1p3,True,5.225666399997863,mirp|hippocampus_172|linear_1p3,unavailable,True,True,True,1.9492664999997942,2.2279288999998244,185,185,0,0,1,False,,241bdfb7df022ed113f0433b912019f2127935e0bd299e37983097b7122da3fa,d913a8a79c335522f1050158682e77e6b82331435055ce581d5d9ff09e435a7d,d913a8a79c335522f1050158682e77e6b82331435055ce581d5d9ff09e435a7d,241bdfb7df022ed113f0433b912019f2127935e0bd299e37983097b7122da3fa
mirp,hippocampus_244,public_anatomical,mr,identity,True,7.170189800002845,mirp|hippocampus_244|identity,satisfied,True,True,True,2.623127299997577,3.507844700001442,185,185,0,0,1,True,,8965534a66c35246091191ffa9ba716d48484c58bc2c59b6a3a8569c5f7e4a9d,85487bf6c2ccfd371452b4c66fb5cb54434f529242923b3465e24443a164b81d,85487bf6c2ccfd371452b4c66fb5cb54434f529242923b3465e24443a164b81d,8965534a66c35246091191ffa9ba716d48484c58bc2c59b6a3a8569c5f7e4a9d
mirp,hippocampus_244,public_anatomical,mr,cubic_1p3,True,5.635506099999475,mirp|hippocampus_244|cubic_1p3,satisfied,True,True,True,1.5835349000008136,2.917689900001278,185,185,0,0,1,True,,b2fa5bfc8a4cdfed9730732024361d9562a8f77ae1972ac5c9bc397477711a3f,a5bada508a0ee2e0ca02fc8d12d722edbb16b6ecba8e3d6841d3e93bec85e322,a5bada508a0ee2e0ca02fc8d12d722edbb16b6ecba8e3d6841d3e93bec85e322,b2fa5bfc8a4cdfed9730732024361d9562a8f77ae1972ac5c9bc397477711a3f
mirp,hippocampus_244,public_anatomical,mr,linear_1p3,True,4.664362200001051,mirp|hippocampus_244|linear_1p3,satisfied,True,True,True,1.8164213000018208,1.7016612000006717,185,185,0,0,1,True,,241bdfb7df022ed113f0433b912019f2127935e0bd299e37983097b7122da3fa,0e6567352461c893cedfea7e322bd39c7944ca10eeaa75c68cb5ea3ba406edee,0e6567352461c893cedfea7e322bd39c7944ca10eeaa75c68cb5ea3ba406edee,241bdfb7df022ed113f0433b912019f2127935e0bd299e37983097b7122da3fa
mirp,hippocampus_224,public_anatomical,mr,identity,True,13.853247300001385,mirp|hippocampus_224|identity,satisfied,True,True,True,6.324784799999179,6.412571199998638,185,185,0,0,1,True,,8965534a66c35246091191ffa9ba716d48484c58bc2c59b6a3a8569c5f7e4a9d,f3f93ccbc333e4cfb8908ec5a129ef3112fdc1fe2bd2b480a82e20faa91c133c,f3f93ccbc333e4cfb8908ec5a129ef3112fdc1fe2bd2b480a82e20faa91c133c,8965534a66c35246091191ffa9ba716d48484c58bc2c59b6a3a8569c5f7e4a9d
mirp,hippocampus_224,public_anatomical,mr,cubic_1p3,True,7.566464600000472,mirp|hippocampus_224|cubic_1p3,indeterminate,True,True,True,2.314995500000805,4.232885199999146,185,185,0,0,1,False,,b2fa5bfc8a4cdfed9730732024361d9562a8f77ae1972ac5c9bc397477711a3f,bbda75510c3ac9c8e2aaa3a2a7541ce744cd46d3f6843de4ca1376e4b1222e4f,bbda75510c3ac9c8e2aaa3a2a7541ce744cd46d3f6843de4ca1376e4b1222e4f,b2fa5bfc8a4cdfed9730732024361d9562a8f77ae1972ac5c9bc397477711a3f
mirp,hippocampus_224,public_anatomical,mr,linear_1p3,True,6.285387899999478,mirp|hippocampus_224|linear_1p3,indeterminate,True,True,True,2.311309799999435,2.8789137000021583,185,185,0,0,1,False,,241bdfb7df022ed113f0433b912019f2127935e0bd299e37983097b7122da3fa,c1fcf987a666fb357011cd4e9946583c3bf71f4a48c0c1c5d4d74a202c7ab02d,c1fcf987a666fb357011cd4e9946583c3bf71f4a48c0c1c5d4d74a202c7ab02d,241bdfb7df022ed113f0433b912019f2127935e0bd299e37983097b7122da3fa
mirp,hippocampus_193,public_anatomical,mr,identity,True,10.608706300001359,mirp|hippocampus_193|identity,satisfied,True,True,True,4.545863200000895,5.063864499999909,185,185,0,0,1,True,,8965534a66c35246091191ffa9ba716d48484c58bc2c59b6a3a8569c5f7e4a9d,430c7df913965ef72fa3707414479a80ca1526efbfd4ca6605ac610c46ca1ef0,430c7df913965ef72fa3707414479a80ca1526efbfd4ca6605ac610c46ca1ef0,8965534a66c35246091191ffa9ba716d48484c58bc2c59b6a3a8569c5f7e4a9d
mirp,hippocampus_193,public_anatomical,mr,cubic_1p3,True,4.105859800001781,mirp|hippocampus_193|cubic_1p3,indeterminate,True,True,True,1.3191059000018868,1.676708900002268,185,185,0,0,1,False,,b2fa5bfc8a4cdfed9730732024361d9562a8f77ae1972ac5c9bc397477711a3f,a50a146ba4e9e3c56d9dea37642d8d6baf2e822ee691f9957f96745fa1c51008,a50a146ba4e9e3c56d9dea37642d8d6baf2e822ee691f9957f96745fa1c51008,b2fa5bfc8a4cdfed9730732024361d9562a8f77ae1972ac5c9bc397477711a3f
mirp,hippocampus_193,public_anatomical,mr,linear_1p3,True,3.4134645000012824,mirp|hippocampus_193|linear_1p3,indeterminate,True,True,True,1.3297593999996025,0.997261399999843,185,185,0,0,1,False,,241bdfb7df022ed113f0433b912019f2127935e0bd299e37983097b7122da3fa,035ea96b4316b61493498624ca61b0b29b488608084f12ff0b23c0a660bbfbcf,035ea96b4316b61493498624ca61b0b29b488608084f12ff0b23c0a660bbfbcf,241bdfb7df022ed113f0433b912019f2127935e0bd299e37983097b7122da3fa
mirp,hippocampus_169,public_anatomical,mr,identity,True,9.796379200000956,mirp|hippocampus_169|identity,satisfied,True,True,True,4.222700899998017,4.516768800000136,185,185,0,0,1,True,,8965534a66c35246091191ffa9ba716d48484c58bc2c59b6a3a8569c5f7e4a9d,5df6c630e3a89440c6cd001a810dc7c349963aa95d2176c556c98f9c7b4a431b,5df6c630e3a89440c6cd001a810dc7c349963aa95d2176c556c98f9c7b4a431b,8965534a66c35246091191ffa9ba716d48484c58bc2c59b6a3a8569c5f7e4a9d
mirp,hippocampus_169,public_anatomical,mr,cubic_1p3,True,4.865440499997931,mirp|hippocampus_169|cubic_1p3,indeterminate,True,True,True,1.3828403999978036,2.3458597000026202,185,185,0,0,1,False,,b2fa5bfc8a4cdfed9730732024361d9562a8f77ae1972ac5c9bc397477711a3f,d98ec2a8b3be3bbc9ecb33d8e0aa7e55dec1e5882a3787bb93aaa86b5612c1b5,d98ec2a8b3be3bbc9ecb33d8e0aa7e55dec1e5882a3787bb93aaa86b5612c1b5,b2fa5bfc8a4cdfed9730732024361d9562a8f77ae1972ac5c9bc397477711a3f
mirp,hippocampus_169,public_anatomical,mr,linear_1p3,True,3.491771900000458,mirp|hippocampus_169|linear_1p3,indeterminate,True,True,True,1.295259200000146,1.019436399998085,185,185,0,0,1,False,,241bdfb7df022ed113f0433b912019f2127935e0bd299e37983097b7122da3fa,1a6a51944fdeb660c03a2406eef0c2254cf1dbe7379d387e2aee0c887fdf5a88,1a6a51944fdeb660c03a2406eef0c2254cf1dbe7379d387e2aee0c887fdf5a88,241bdfb7df022ed113f0433b912019f2127935e0bd299e37983097b7122da3fa
mirp,hippocampus_248,public_anatomical,mr,identity,True,9.892954899998585,mirp|hippocampus_248|identity,satisfied,True,True,True,4.166356499998074,4.676006500001677,185,185,0,0,1,True,,8965534a66c35246091191ffa9ba716d48484c58bc2c59b6a3a8569c5f7e4a9d,3ff89bfb6f1169e4c6def1ffea5611ff03ac200fa93bbf53b7de3d2d0581e8dc,3ff89bfb6f1169e4c6def1ffea5611ff03ac200fa93bbf53b7de3d2d0581e8dc,8965534a66c35246091191ffa9ba716d48484c58bc2c59b6a3a8569c5f7e4a9d
mirp,hippocampus_248,public_anatomical,mr,cubic_1p3,True,6.117002099999809,mirp|hippocampus_248|cubic_1p3,satisfied,True,True,True,1.809075599998323,3.279737100001512,185,185,0,0,1,True,,b2fa5bfc8a4cdfed9730732024361d9562a8f77ae1972ac5c9bc397477711a3f,4a752d83f74c3e6b764452eda564554f420e0b55bc03667595a3be5f3eec3833,4a752d83f74c3e6b764452eda564554f420e0b55bc03667595a3be5f3eec3833,b2fa5bfc8a4cdfed9730732024361d9562a8f77ae1972ac5c9bc397477711a3f
mirp,hippocampus_248,public_anatomical,mr,linear_1p3,True,4.806158200000937,mirp|hippocampus_248|linear_1p3,satisfied,True,True,True,1.784324900003412,1.971277900000132,185,185,0,0,1,True,,241bdfb7df022ed113f0433b912019f2127935e0bd299e37983097b7122da3fa,33b62145c3a9f0aaf85fb8b7776316296b1fb5151361c5998f70eab5a1dd94b5,33b62145c3a9f0aaf85fb8b7776316296b1fb5151361c5998f70eab5a1dd94b5,241bdfb7df022ed113f0433b912019f2127935e0bd299e37983097b7122da3fa
mirp,spleen_22,public_anatomical,ct,identity,True,105.03778429999875,mirp|spleen_22|identity,unavailable,True,True,True,50.9513283999986,52.68374219999896,185,185,0,0,1,False,,8965534a66c35246091191ffa9ba716d48484c58bc2c59b6a3a8569c5f7e4a9d,de0f6873c985a50f005452d940274ddf194f5f72b159a61d1d80aafd1a3d5b05,de0f6873c985a50f005452d940274ddf194f5f72b159a61d1d80aafd1a3d5b05,8965534a66c35246091191ffa9ba716d48484c58bc2c59b6a3a8569c5f7e4a9d
mirp,spleen_28,public_anatomical,ct,identity,True,31.4307355000019,mirp|spleen_28|identity,unavailable,True,True,True,14.783298900001682,15.470239399997809,185,185,0,0,1,False,,8965534a66c35246091191ffa9ba716d48484c58bc2c59b6a3a8569c5f7e4a9d,878b04bdd58213e31ad8e5e04be17e8899966a4a74fd967d3f0de726eeceda2f,878b04bdd58213e31ad8e5e04be17e8899966a4a74fd967d3f0de726eeceda2f,8965534a66c35246091191ffa9ba716d48484c58bc2c59b6a3a8569c5f7e4a9d
pyradiomics,synthetic_921101,synthetic,mr,identity,True,0.7843070999988413,pyradiomics|synthetic_921101|identity,satisfied,True,True,True,0.04079959999944549,0.0632536999983131,107,107,0,0,3,,,0cdd4e187fda8840c3dd60df917dce1040f27fabe2b4ff7ca74a6a6a88488faa,7fc8e7d78a6ddec00eb2b40b84083d30c6ab6479eee2ae18c23df7ae1a29798d,7fc8e7d78a6ddec00eb2b40b84083d30c6ab6479eee2ae18c23df7ae1a29798d,3ab13e37e49935e49dab3a446840d4eb7d766f3e95252b86016741470ba8999c
pyradiomics,synthetic_921101,synthetic,mr,cubic_1p3,True,2.0188163000020722,pyradiomics|synthetic_921101|cubic_1p3,satisfied,True,True,True,0.051035500000580214,1.3576711999994586,107,107,0,0,3,,,be5df3fc995b11950c133946fa937cbb0d849c733d9dd3c763ded200bd0b008d,acc180779c5dc466e9f7b2a53782115a8cf36db23061c850b5bacdaf7697f798,acc180779c5dc466e9f7b2a53782115a8cf36db23061c850b5bacdaf7697f798,0857eb610305dbea203fe926513354743b503c7d4348c9ca04f8d72f6c3d5f35
pyradiomics,synthetic_921101,synthetic,mr,linear_1p3,True,0.7270476000012422,pyradiomics|synthetic_921101|linear_1p3,satisfied,True,True,True,0.04606190000049537,0.09906030000274768,107,107,0,0,3,,,c3bd72bb78e3a33d7f72647aae0736116530a988a313c0fb5bc10fb0a7713430,4a9ebc2977432133a012ffad26ce41b61914e2c61ce7f77c7eff5f45c862b20c,4a9ebc2977432133a012ffad26ce41b61914e2c61ce7f77c7eff5f45c862b20c,9f15641a82f8c4ec2f71ddb81197a4404cc640d3d86bb34613a97ccac01ede1f
pyradiomics,synthetic_921102,synthetic,mr,identity,True,0.7321703000015987,pyradiomics|synthetic_921102|identity,satisfied,True,True,True,0.04051880000042729,0.07697180000104709,107,107,0,0,3,,,0cdd4e187fda8840c3dd60df917dce1040f27fabe2b4ff7ca74a6a6a88488faa,246a5174499971dcb9e9b0ada3c9485a9610f668c3381baaa1232465c744e852,246a5174499971dcb9e9b0ada3c9485a9610f668c3381baaa1232465c744e852,3ab13e37e49935e49dab3a446840d4eb7d766f3e95252b86016741470ba8999c
pyradiomics,synthetic_921102,synthetic,mr,cubic_1p3,True,2.3159192000020994,pyradiomics|synthetic_921102|cubic_1p3,satisfied,True,True,True,0.05113310000160709,1.6262714000004053,107,107,0,0,3,,,be5df3fc995b11950c133946fa937cbb0d849c733d9dd3c763ded200bd0b008d,3c4ddbd762dd98484e06facd60508db067df075aa574823f9387eed0604abe03,3c4ddbd762dd98484e06facd60508db067df075aa574823f9387eed0604abe03,0857eb610305dbea203fe926513354743b503c7d4348c9ca04f8d72f6c3d5f35
pyradiomics,synthetic_921102,synthetic,mr,linear_1p3,True,0.7462406999984523,pyradiomics|synthetic_921102|linear_1p3,satisfied,True,True,True,0.043177299998205854,0.11105510000197683,107,107,0,0,3,,,c3bd72bb78e3a33d7f72647aae0736116530a988a313c0fb5bc10fb0a7713430,4ea5546dc5bd7471a8217fecb9edf56c70d92613db441248667680fc8023438b,4ea5546dc5bd7471a8217fecb9edf56c70d92613db441248667680fc8023438b,9f15641a82f8c4ec2f71ddb81197a4404cc640d3d86bb34613a97ccac01ede1f
pyradiomics,synthetic_921103,synthetic,mr,identity,True,0.7374290000007022,pyradiomics|synthetic_921103|identity,satisfied,True,True,True,0.04158910000114702,0.07031500000084634,107,107,0,0,3,,,0cdd4e187fda8840c3dd60df917dce1040f27fabe2b4ff7ca74a6a6a88488faa,609a4969557eda8425199433004929b22508bdaa502cadfb296c1b83d75eba04,609a4969557eda8425199433004929b22508bdaa502cadfb296c1b83d75eba04,3ab13e37e49935e49dab3a446840d4eb7d766f3e95252b86016741470ba8999c
pyradiomics,synthetic_921103,synthetic,mr,cubic_1p3,True,3.0450721999986854,pyradiomics|synthetic_921103|cubic_1p3,satisfied,True,True,True,0.05552739999984624,2.3877143999998225,107,107,0,0,3,,,be5df3fc995b11950c133946fa937cbb0d849c733d9dd3c763ded200bd0b008d,74d4395187a966d8ab16bcd4a85e6cb7f9585ed3ed338512a8adac19a7f8831d,74d4395187a966d8ab16bcd4a85e6cb7f9585ed3ed338512a8adac19a7f8831d,0857eb610305dbea203fe926513354743b503c7d4348c9ca04f8d72f6c3d5f35
pyradiomics,synthetic_921103,synthetic,mr,linear_1p3,True,0.8167318000014347,pyradiomics|synthetic_921103|linear_1p3,satisfied,True,True,True,0.05650720000267029,0.16145599999799742,107,107,0,0,3,,,c3bd72bb78e3a33d7f72647aae0736116530a988a313c0fb5bc10fb0a7713430,6795e5cd8991642ad345f415e36ace19e86f0e5437024a395e1e41ee9c6ea727,6795e5cd8991642ad345f415e36ace19e86f0e5437024a395e1e41ee9c6ea727,9f15641a82f8c4ec2f71ddb81197a4404cc640d3d86bb34613a97ccac01ede1f
pyradiomics,synthetic_921104,synthetic,mr,identity,True,0.7284693000001425,pyradiomics|synthetic_921104|identity,satisfied,True,True,True,0.038506900000356836,0.07724969999981113,107,107,0,0,3,,,0cdd4e187fda8840c3dd60df917dce1040f27fabe2b4ff7ca74a6a6a88488faa,8badedd2d63e85ebf045246369549e3bab8ae831ccda2977385360b9a539fbe3,8badedd2d63e85ebf045246369549e3bab8ae831ccda2977385360b9a539fbe3,3ab13e37e49935e49dab3a446840d4eb7d766f3e95252b86016741470ba8999c
pyradiomics,synthetic_921104,synthetic,mr,cubic_1p3,True,2.1316021000020555,pyradiomics|synthetic_921104|cubic_1p3,satisfied,True,True,True,0.05380130000048666,1.470675200002006,107,107,0,0,3,,,be5df3fc995b11950c133946fa937cbb0d849c733d9dd3c763ded200bd0b008d,10d429b38505af73f7a07dfb2e8d614bb5a1dbbda70652fbbb735a374abf98fb,10d429b38505af73f7a07dfb2e8d614bb5a1dbbda70652fbbb735a374abf98fb,0857eb610305dbea203fe926513354743b503c7d4348c9ca04f8d72f6c3d5f35
pyradiomics,synthetic_921104,synthetic,mr,linear_1p3,True,0.7376574000008986,pyradiomics|synthetic_921104|linear_1p3,satisfied,True,True,True,0.044463900001574075,0.11016710000330932,107,107,0,0,3,,,c3bd72bb78e3a33d7f72647aae0736116530a988a313c0fb5bc10fb0a7713430,a1509991324f57611106be8daa297d3b38332fece03d574b1143ae4facc4dabb,a1509991324f57611106be8daa297d3b38332fece03d574b1143ae4facc4dabb,9f15641a82f8c4ec2f71ddb81197a4404cc640d3d86bb34613a97ccac01ede1f
pyradiomics,synthetic_921105,synthetic,mr,identity,True,0.6673650000011548,pyradiomics|synthetic_921105|identity,satisfied,True,True,True,0.036128699997789226,0.0783735999975761,107,107,0,0,3,,,0cdd4e187fda8840c3dd60df917dce1040f27fabe2b4ff7ca74a6a6a88488faa,5a0e0de26c54c5921b1c9b7d73dc0dbfce71cac95420922c309915bcf42c74aa,5a0e0de26c54c5921b1c9b7d73dc0dbfce71cac95420922c309915bcf42c74aa,3ab13e37e49935e49dab3a446840d4eb7d766f3e95252b86016741470ba8999c
pyradiomics,synthetic_921105,synthetic,mr,cubic_1p3,True,2.337964499998634,pyradiomics|synthetic_921105|cubic_1p3,satisfied,True,True,True,0.051059200002782745,1.6455353000019386,107,107,0,0,3,,,be5df3fc995b11950c133946fa937cbb0d849c733d9dd3c763ded200bd0b008d,0261a5b71243d28bc15b6b6bacb91897372374a998547041e1594cd05aac1818,0261a5b71243d28bc15b6b6bacb91897372374a998547041e1594cd05aac1818,0857eb610305dbea203fe926513354743b503c7d4348c9ca04f8d72f6c3d5f35
pyradiomics,synthetic_921105,synthetic,mr,linear_1p3,True,0.7252485999997589,pyradiomics|synthetic_921105|linear_1p3,satisfied,True,True,True,0.04279989999849931,0.10969849999673897,107,107,0,0,3,,,c3bd72bb78e3a33d7f72647aae0736116530a988a313c0fb5bc10fb0a7713430,5e17c2f295f44d2a1962c35ac51a452391cc8957371f2e0236368bc77ba53974,5e17c2f295f44d2a1962c35ac51a452391cc8957371f2e0236368bc77ba53974,9f15641a82f8c4ec2f71ddb81197a4404cc640d3d86bb34613a97ccac01ede1f
pyradiomics,synthetic_921106,synthetic,mr,identity,True,0.7085678999974334,pyradiomics|synthetic_921106|identity,satisfied,True,True,True,0.0387282999981835,0.07115940000221599,107,107,0,0,3,,,0cdd4e187fda8840c3dd60df917dce1040f27fabe2b4ff7ca74a6a6a88488faa,eb4499e57c89c04c7551e28ab8d382e12b62b2e7a185a644a344ae556854b7a2,eb4499e57c89c04c7551e28ab8d382e12b62b2e7a185a644a344ae556854b7a2,3ab13e37e49935e49dab3a446840d4eb7d766f3e95252b86016741470ba8999c
pyradiomics,synthetic_921106,synthetic,mr,cubic_1p3,True,2.767628200002946,pyradiomics|synthetic_921106|cubic_1p3,satisfied,True,True,True,0.057134599999699276,2.115257199999178,107,107,0,0,3,,,be5df3fc995b11950c133946fa937cbb0d849c733d9dd3c763ded200bd0b008d,c35061413449b7d7c02ef8711a53a0cdf7d36d50686a51f3713c2aeeaab8204b,c35061413449b7d7c02ef8711a53a0cdf7d36d50686a51f3713c2aeeaab8204b,0857eb610305dbea203fe926513354743b503c7d4348c9ca04f8d72f6c3d5f35
pyradiomics,synthetic_921106,synthetic,mr,linear_1p3,True,0.7640199000015855,pyradiomics|synthetic_921106|linear_1p3,satisfied,True,True,True,0.056450399999448564,0.14225159999841708,107,107,0,0,3,,,c3bd72bb78e3a33d7f72647aae0736116530a988a313c0fb5bc10fb0a7713430,65a89aaa55864b722db9f8784c2e09f3a18daf76d303b287ec203e13ad8ecdbd,65a89aaa55864b722db9f8784c2e09f3a18daf76d303b287ec203e13ad8ecdbd,9f15641a82f8c4ec2f71ddb81197a4404cc640d3d86bb34613a97ccac01ede1f
pyradiomics,synthetic_921107,synthetic,mr,identity,True,0.7207381000007445,pyradiomics|synthetic_921107|identity,satisfied,True,True,True,0.040726100000028964,0.06181600000127219,107,107,0,0,3,,,0cdd4e187fda8840c3dd60df917dce1040f27fabe2b4ff7ca74a6a6a88488faa,0e2f087c3a525aeb7cf1e7503200af3bb590a2cd0578abf062d7a5f6970513ba,0e2f087c3a525aeb7cf1e7503200af3bb590a2cd0578abf062d7a5f6970513ba,3ab13e37e49935e49dab3a446840d4eb7d766f3e95252b86016741470ba8999c
pyradiomics,synthetic_921107,synthetic,mr,cubic_1p3,True,2.267612999999983,pyradiomics|synthetic_921107|cubic_1p3,satisfied,True,True,True,0.0517933000010089,1.6238516000012169,107,107,0,0,3,,,be5df3fc995b11950c133946fa937cbb0d849c733d9dd3c763ded200bd0b008d,c5d86b8d5378db99391ac3a6e7092fdf4adcf5e604ef12b29fa997325585ff9c,c5d86b8d5378db99391ac3a6e7092fdf4adcf5e604ef12b29fa997325585ff9c,0857eb610305dbea203fe926513354743b503c7d4348c9ca04f8d72f6c3d5f35
pyradiomics,synthetic_921107,synthetic,mr,linear_1p3,True,0.7990320999997493,pyradiomics|synthetic_921107|linear_1p3,satisfied,True,True,True,0.047727799999847775,0.11548160000165808,107,107,0,0,3,,,c3bd72bb78e3a33d7f72647aae0736116530a988a313c0fb5bc10fb0a7713430,669507a3f575f42099cecea643fd835c600b7f216f7017e6256681a73692d6b3,669507a3f575f42099cecea643fd835c600b7f216f7017e6256681a73692d6b3,9f15641a82f8c4ec2f71ddb81197a4404cc640d3d86bb34613a97ccac01ede1f
pyradiomics,synthetic_921108,synthetic,mr,identity,True,0.7400197999995726,pyradiomics|synthetic_921108|identity,satisfied,True,True,True,0.03972540000177105,0.07828220000010333,107,107,0,0,3,,,0cdd4e187fda8840c3dd60df917dce1040f27fabe2b4ff7ca74a6a6a88488faa,38f866a9235695067ebb81545bb436fc553966ea9da374d4dceb21b476148095,38f866a9235695067ebb81545bb436fc553966ea9da374d4dceb21b476148095,3ab13e37e49935e49dab3a446840d4eb7d766f3e95252b86016741470ba8999c
pyradiomics,synthetic_921108,synthetic,mr,cubic_1p3,True,2.2139476999982435,pyradiomics|synthetic_921108|cubic_1p3,satisfied,True,True,True,0.05641400000240537,1.5175225999992108,107,107,0,0,3,,,be5df3fc995b11950c133946fa937cbb0d849c733d9dd3c763ded200bd0b008d,09ff760dde3997751d6ee59d841dbee3f4521f5d110c9ab0c36fdb520e6f5175,09ff760dde3997751d6ee59d841dbee3f4521f5d110c9ab0c36fdb520e6f5175,0857eb610305dbea203fe926513354743b503c7d4348c9ca04f8d72f6c3d5f35
pyradiomics,synthetic_921108,synthetic,mr,linear_1p3,True,0.7395142999994277,pyradiomics|synthetic_921108|linear_1p3,satisfied,True,True,True,0.04590269999971497,0.11464989999876707,107,107,0,0,3,,,c3bd72bb78e3a33d7f72647aae0736116530a988a313c0fb5bc10fb0a7713430,908809488f23882c85b30c485c6bb0ee8bdaf97061983e391c2cd102b4c60d52,908809488f23882c85b30c485c6bb0ee8bdaf97061983e391c2cd102b4c60d52,9f15641a82f8c4ec2f71ddb81197a4404cc640d3d86bb34613a97ccac01ede1f
pyradiomics,hippocampus_287,public_anatomical,mr,identity,True,0.7957090999989305,pyradiomics|hippocampus_287|identity,satisfied,True,True,True,0.045869500001572305,0.11824179999894113,107,107,0,0,3,,,0cdd4e187fda8840c3dd60df917dce1040f27fabe2b4ff7ca74a6a6a88488faa,1339ffeff04ff5ef0f46e735cb13c6c79234eac7885c837c8995b9843461cbab,1339ffeff04ff5ef0f46e735cb13c6c79234eac7885c837c8995b9843461cbab,3ab13e37e49935e49dab3a446840d4eb7d766f3e95252b86016741470ba8999c
pyradiomics,hippocampus_287,public_anatomical,mr,cubic_1p3,True,1.3771765999990748,pyradiomics|hippocampus_287|cubic_1p3,satisfied,True,True,True,0.0462089000029664,0.6837941000012506,107,107,0,0,3,,,be5df3fc995b11950c133946fa937cbb0d849c733d9dd3c763ded200bd0b008d,31fbd8aa1a28f6cc1d315a2d06123dde8c15b081f3a8750fb99c76d0be9b4c0a,31fbd8aa1a28f6cc1d315a2d06123dde8c15b081f3a8750fb99c76d0be9b4c0a,0857eb610305dbea203fe926513354743b503c7d4348c9ca04f8d72f6c3d5f35
pyradiomics,hippocampus_287,public_anatomical,mr,linear_1p3,True,0.767845499998657,pyradiomics|hippocampus_287|linear_1p3,satisfied,True,True,True,0.046479799999360694,0.1052458000012848,107,107,0,0,3,,,c3bd72bb78e3a33d7f72647aae0736116530a988a313c0fb5bc10fb0a7713430,4551e8b789e66bd0db5e5503d0cca38eddc651430899763084dec1e4851ee6dd,4551e8b789e66bd0db5e5503d0cca38eddc651430899763084dec1e4851ee6dd,9f15641a82f8c4ec2f71ddb81197a4404cc640d3d86bb34613a97ccac01ede1f
pyradiomics,hippocampus_332,public_anatomical,mr,identity,True,0.806725299997197,pyradiomics|hippocampus_332|identity,satisfied,True,True,True,0.04723839999860502,0.11590509999950882,107,107,0,0,3,,,0cdd4e187fda8840c3dd60df917dce1040f27fabe2b4ff7ca74a6a6a88488faa,4e4e58ac2efe541f0fb34f9718d3972a950b760a2e332b2b65cf6b843141a99b,4e4e58ac2efe541f0fb34f9718d3972a950b760a2e332b2b65cf6b843141a99b,3ab13e37e49935e49dab3a446840d4eb7d766f3e95252b86016741470ba8999c
pyradiomics,hippocampus_332,public_anatomical,mr,cubic_1p3,True,1.4247093999983917,pyradiomics|hippocampus_332|cubic_1p3,satisfied,True,True,True,0.0535280000003695,0.7659022999978333,107,107,0,0,3,,,be5df3fc995b11950c133946fa937cbb0d849c733d9dd3c763ded200bd0b008d,32540033a9218e78d95964e2e10b89a2ab58e73fd44c49a77524884622b6c44f,32540033a9218e78d95964e2e10b89a2ab58e73fd44c49a77524884622b6c44f,0857eb610305dbea203fe926513354743b503c7d4348c9ca04f8d72f6c3d5f35
pyradiomics,hippocampus_332,public_anatomical,mr,linear_1p3,True,0.7527244000011706,pyradiomics|hippocampus_332|linear_1p3,satisfied,True,True,True,0.038581900000281166,0.09694149999995716,107,107,0,0,3,,,c3bd72bb78e3a33d7f72647aae0736116530a988a313c0fb5bc10fb0a7713430,a193178c5ca95614e0d3a347f0d9045f1b32bf5dee1b4dedc52006dabbeea1a9,a193178c5ca95614e0d3a347f0d9045f1b32bf5dee1b4dedc52006dabbeea1a9,9f15641a82f8c4ec2f71ddb81197a4404cc640d3d86bb34613a97ccac01ede1f
pyradiomics,hippocampus_155,public_anatomical,mr,identity,True,0.7665693999988434,pyradiomics|hippocampus_155|identity,satisfied,True,True,True,0.04521830000157934,0.12291530000220519,107,107,0,0,3,,,0cdd4e187fda8840c3dd60df917dce1040f27fabe2b4ff7ca74a6a6a88488faa,229a079a87fe80091887f4b15e2b8cb147fc1b764fd78f50e8cda5eb23cbf5e3,229a079a87fe80091887f4b15e2b8cb147fc1b764fd78f50e8cda5eb23cbf5e3,3ab13e37e49935e49dab3a446840d4eb7d766f3e95252b86016741470ba8999c
pyradiomics,hippocampus_155,public_anatomical,mr,cubic_1p3,True,1.6872736000004807,pyradiomics|hippocampus_155|cubic_1p3,indeterminate,True,True,True,0.05087959999946179,1.0162525999985519,107,107,0,0,3,,,be5df3fc995b11950c133946fa937cbb0d849c733d9dd3c763ded200bd0b008d,094f96ec1a3606cf6e98bdc62f23782e368bf02ad583aec155f83d19807cd9c9,094f96ec1a3606cf6e98bdc62f23782e368bf02ad583aec155f83d19807cd9c9,0857eb610305dbea203fe926513354743b503c7d4348c9ca04f8d72f6c3d5f35
pyradiomics,hippocampus_155,public_anatomical,mr,linear_1p3,True,0.7953970999988087,pyradiomics|hippocampus_155|linear_1p3,indeterminate,True,True,True,0.042211599997244775,0.09482959999877494,107,107,0,0,3,,,c3bd72bb78e3a33d7f72647aae0736116530a988a313c0fb5bc10fb0a7713430,29dcf42e335f367bad22f53b133d85b9828e71afd7dbb662eb141fc338c8dcb2,29dcf42e335f367bad22f53b133d85b9828e71afd7dbb662eb141fc338c8dcb2,9f15641a82f8c4ec2f71ddb81197a4404cc640d3d86bb34613a97ccac01ede1f
pyradiomics,hippocampus_238,public_anatomical,mr,identity,True,0.742135699998471,pyradiomics|hippocampus_238|identity,satisfied,True,True,True,0.043948499998805346,0.11795889999848441,107,107,0,0,3,,,0cdd4e187fda8840c3dd60df917dce1040f27fabe2b4ff7ca74a6a6a88488faa,bafca49cd188832c67319fbdf215b5e00162afff0672328391e61074ad30e182,bafca49cd188832c67319fbdf215b5e00162afff0672328391e61074ad30e182,3ab13e37e49935e49dab3a446840d4eb7d766f3e95252b86016741470ba8999c
pyradiomics,hippocampus_238,public_anatomical,mr,cubic_1p3,True,1.5846014999988256,pyradiomics|hippocampus_238|cubic_1p3,satisfied,True,True,True,0.04667940000217641,0.9685691999984556,107,107,0,0,3,,,be5df3fc995b11950c133946fa937cbb0d849c733d9dd3c763ded200bd0b008d,490f3fc4934fcb13e57deae725c9ad39f71623e67205d089aa88964a855052f3,490f3fc4934fcb13e57deae725c9ad39f71623e67205d089aa88964a855052f3,0857eb610305dbea203fe926513354743b503c7d4348c9ca04f8d72f6c3d5f35
pyradiomics,hippocampus_238,public_anatomical,mr,linear_1p3,True,0.7551684000027308,pyradiomics|hippocampus_238|linear_1p3,indeterminate,True,True,True,0.04566479999994044,0.10528290000002016,107,107,0,0,3,,,c3bd72bb78e3a33d7f72647aae0736116530a988a313c0fb5bc10fb0a7713430,56b6112e995590f5da23148d42733d0c94eb8f03670bca83df54b7ffea2fafa0,56b6112e995590f5da23148d42733d0c94eb8f03670bca83df54b7ffea2fafa0,9f15641a82f8c4ec2f71ddb81197a4404cc640d3d86bb34613a97ccac01ede1f
pyradiomics,hippocampus_288,public_anatomical,mr,identity,True,0.7733575999991444,pyradiomics|hippocampus_288|identity,satisfied,True,True,True,0.042361300002085045,0.12492200000269804,107,107,0,0,3,,,0cdd4e187fda8840c3dd60df917dce1040f27fabe2b4ff7ca74a6a6a88488faa,8577223c790863f4e51e9e644a77a44a94bf8ff95aa999c0e851405bfb5ee94f,8577223c790863f4e51e9e644a77a44a94bf8ff95aa999c0e851405bfb5ee94f,3ab13e37e49935e49dab3a446840d4eb7d766f3e95252b86016741470ba8999c
pyradiomics,hippocampus_288,public_anatomical,mr,cubic_1p3,True,1.4537024999990535,pyradiomics|hippocampus_288|cubic_1p3,satisfied,True,True,True,0.046474400001898175,0.7930315000012342,107,107,0,0,3,,,be5df3fc995b11950c133946fa937cbb0d849c733d9dd3c763ded200bd0b008d,a75f7be091cecb8e207e05c4b1346564bd7ffaea54971f0352f5ae42a6ebd33e,a75f7be091cecb8e207e05c4b1346564bd7ffaea54971f0352f5ae42a6ebd33e,0857eb610305dbea203fe926513354743b503c7d4348c9ca04f8d72f6c3d5f35
pyradiomics,hippocampus_288,public_anatomical,mr,linear_1p3,True,0.7478902000002563,pyradiomics|hippocampus_288|linear_1p3,satisfied,True,True,True,0.04403430000093067,0.1055080000005546,107,107,0,0,3,,,c3bd72bb78e3a33d7f72647aae0736116530a988a313c0fb5bc10fb0a7713430,9ae7c396484f045ca74e38085b5f96c5e8c978eb77ddc67d8eec13bda56eb448,9ae7c396484f045ca74e38085b5f96c5e8c978eb77ddc67d8eec13bda56eb448,9f15641a82f8c4ec2f71ddb81197a4404cc640d3d86bb34613a97ccac01ede1f
pyradiomics,hippocampus_393,public_anatomical,mr,identity,True,0.7951708000000508,pyradiomics|hippocampus_393|identity,satisfied,True,True,True,0.04613959999915096,0.10457550000137417,107,107,0,0,3,,,0cdd4e187fda8840c3dd60df917dce1040f27fabe2b4ff7ca74a6a6a88488faa,987cf47a49d467e1a2e2c95db645e6e7fb75b5b1b8bfa23ee4b81a4798089a6d,987cf47a49d467e1a2e2c95db645e6e7fb75b5b1b8bfa23ee4b81a4798089a6d,3ab13e37e49935e49dab3a446840d4eb7d766f3e95252b86016741470ba8999c
pyradiomics,hippocampus_393,public_anatomical,mr,cubic_1p3,True,1.5848555000011402,pyradiomics|hippocampus_393|cubic_1p3,satisfied,True,True,True,0.048879699999815784,0.9011601000020164,107,107,0,0,3,,,be5df3fc995b11950c133946fa937cbb0d849c733d9dd3c763ded200bd0b008d,2621ced71dd17a5fea6c2f62f14d5e5fa009947ebf4df3cc17cf677d33691b7a,2621ced71dd17a5fea6c2f62f14d5e5fa009947ebf4df3cc17cf677d33691b7a,0857eb610305dbea203fe926513354743b503c7d4348c9ca04f8d72f6c3d5f35
pyradiomics,hippocampus_393,public_anatomical,mr,linear_1p3,True,0.7289583000019775,pyradiomics|hippocampus_393|linear_1p3,satisfied,True,True,True,0.039700000001175795,0.0885169000030146,107,107,0,0,3,,,c3bd72bb78e3a33d7f72647aae0736116530a988a313c0fb5bc10fb0a7713430,e161bdc30dbc7ae6cfc832428434a8815ef5877f277128394afc09bcf63daef5,e161bdc30dbc7ae6cfc832428434a8815ef5877f277128394afc09bcf63daef5,9f15641a82f8c4ec2f71ddb81197a4404cc640d3d86bb34613a97ccac01ede1f
pyradiomics,hippocampus_172,public_anatomical,mr,identity,True,0.7253080000009504,pyradiomics|hippocampus_172|identity,satisfied,True,True,True,0.04113800000050105,0.10471719999986817,107,107,0,0,3,,,0cdd4e187fda8840c3dd60df917dce1040f27fabe2b4ff7ca74a6a6a88488faa,322df707e068089a46e3d8005814f30b185d6173248e632f300d208da8471b6a,322df707e068089a46e3d8005814f30b185d6173248e632f300d208da8471b6a,3ab13e37e49935e49dab3a446840d4eb7d766f3e95252b86016741470ba8999c
pyradiomics,hippocampus_172,public_anatomical,mr,cubic_1p3,True,0.8659870999981649,pyradiomics|hippocampus_172|cubic_1p3,unavailable,True,True,True,0.04467270000168355,0.23194909999801894,107,107,0,0,3,,,be5df3fc995b11950c133946fa937cbb0d849c733d9dd3c763ded200bd0b008d,e753fce9c1e48164da514ed8d186d95fbb0f6a98e73b8fc6a0799cc07164144d,e753fce9c1e48164da514ed8d186d95fbb0f6a98e73b8fc6a0799cc07164144d,0857eb610305dbea203fe926513354743b503c7d4348c9ca04f8d72f6c3d5f35
pyradiomics,hippocampus_172,public_anatomical,mr,linear_1p3,True,0.6943614000010712,pyradiomics|hippocampus_172|linear_1p3,unavailable,True,True,True,0.042318199997680495,0.05975849999958882,107,107,0,0,3,,,c3bd72bb78e3a33d7f72647aae0736116530a988a313c0fb5bc10fb0a7713430,e9bf290b7a5ba051f2eacbea03ab744338a9c3882e41934b8e7e9036b7b7308b,e9bf290b7a5ba051f2eacbea03ab744338a9c3882e41934b8e7e9036b7b7308b,9f15641a82f8c4ec2f71ddb81197a4404cc640d3d86bb34613a97ccac01ede1f
pyradiomics,hippocampus_244,public_anatomical,mr,identity,True,0.7642755000015313,pyradiomics|hippocampus_244|identity,satisfied,True,True,True,0.05019030000039493,0.10880330000145477,107,107,0,0,3,,,0cdd4e187fda8840c3dd60df917dce1040f27fabe2b4ff7ca74a6a6a88488faa,2877c39513240b9e5ed04e9c8d8b6cd9586e3de46546bbdc8c2c556df030e962,2877c39513240b9e5ed04e9c8d8b6cd9586e3de46546bbdc8c2c556df030e962,3ab13e37e49935e49dab3a446840d4eb7d766f3e95252b86016741470ba8999c
pyradiomics,hippocampus_244,public_anatomical,mr,cubic_1p3,True,1.5706919000003836,pyradiomics|hippocampus_244|cubic_1p3,satisfied,True,True,True,0.05431070000122418,0.8957883999974001,107,107,0,0,3,,,be5df3fc995b11950c133946fa937cbb0d849c733d9dd3c763ded200bd0b008d,51055c31fce655e2cf7aff7be27e6f1442ab5bf4d66bc49e6f43aae9eb8e3a35,51055c31fce655e2cf7aff7be27e6f1442ab5bf4d66bc49e6f43aae9eb8e3a35,0857eb610305dbea203fe926513354743b503c7d4348c9ca04f8d72f6c3d5f35
pyradiomics,hippocampus_244,public_anatomical,mr,linear_1p3,True,0.8179515000010724,pyradiomics|hippocampus_244|linear_1p3,satisfied,True,True,True,0.04466920000049868,0.10325100000045495,107,107,0,0,3,,,c3bd72bb78e3a33d7f72647aae0736116530a988a313c0fb5bc10fb0a7713430,9ba148da2071996bfa2274399494b24ea21aff0950dcde7e135adfe36688d4d0,9ba148da2071996bfa2274399494b24ea21aff0950dcde7e135adfe36688d4d0,9f15641a82f8c4ec2f71ddb81197a4404cc640d3d86bb34613a97ccac01ede1f
pyradiomics,hippocampus_224,public_anatomical,mr,identity,True,0.7875239999993937,pyradiomics|hippocampus_224|identity,satisfied,True,True,True,0.04059950000009849,0.11341249999895808,107,107,0,0,3,,,0cdd4e187fda8840c3dd60df917dce1040f27fabe2b4ff7ca74a6a6a88488faa,eb24062b7d4ef3b6ba8795339c256a813c0daf384ad9562dd3da27c1b9df5c92,eb24062b7d4ef3b6ba8795339c256a813c0daf384ad9562dd3da27c1b9df5c92,3ab13e37e49935e49dab3a446840d4eb7d766f3e95252b86016741470ba8999c
pyradiomics,hippocampus_224,public_anatomical,mr,cubic_1p3,True,1.5852924999999232,pyradiomics|hippocampus_224|cubic_1p3,satisfied,True,True,True,0.05102899999837973,0.9059622999993735,107,107,0,0,3,,,be5df3fc995b11950c133946fa937cbb0d849c733d9dd3c763ded200bd0b008d,5857a71c64a8f30c36f5a38637c8272e2e61b21ea2f8e3199152b704aaa296ea,5857a71c64a8f30c36f5a38637c8272e2e61b21ea2f8e3199152b704aaa296ea,0857eb610305dbea203fe926513354743b503c7d4348c9ca04f8d72f6c3d5f35
pyradiomics,hippocampus_224,public_anatomical,mr,linear_1p3,True,0.7946444000008341,pyradiomics|hippocampus_224|linear_1p3,indeterminate,True,True,True,0.04801789999692119,0.11110280000139028,107,107,0,0,3,,,c3bd72bb78e3a33d7f72647aae0736116530a988a313c0fb5bc10fb0a7713430,fd53e07699aadf69f2a371646bda20304a149ab07dac4d80f74e8a966d861990,fd53e07699aadf69f2a371646bda20304a149ab07dac4d80f74e8a966d861990,9f15641a82f8c4ec2f71ddb81197a4404cc640d3d86bb34613a97ccac01ede1f
pyradiomics,hippocampus_193,public_anatomical,mr,identity,True,0.7924169000034453,pyradiomics|hippocampus_193|identity,satisfied,True,True,True,0.04123529999924358,0.09724099999948521,107,107,0,0,3,,,0cdd4e187fda8840c3dd60df917dce1040f27fabe2b4ff7ca74a6a6a88488faa,14ef049b4dfc9473aa38cc38eeb3ff06ea84b875c274b0d531b5c1020377b352,14ef049b4dfc9473aa38cc38eeb3ff06ea84b875c274b0d531b5c1020377b352,3ab13e37e49935e49dab3a446840d4eb7d766f3e95252b86016741470ba8999c
pyradiomics,hippocampus_193,public_anatomical,mr,cubic_1p3,True,1.3123285000001488,pyradiomics|hippocampus_193|cubic_1p3,indeterminate,True,True,True,0.04343910000170581,0.6626634999993257,107,107,0,0,3,,,be5df3fc995b11950c133946fa937cbb0d849c733d9dd3c763ded200bd0b008d,0e16bbf755e0cc4621d6a5e5df0fdb85cad4e8242d9cb258563740341a1a42db,0e16bbf755e0cc4621d6a5e5df0fdb85cad4e8242d9cb258563740341a1a42db,0857eb610305dbea203fe926513354743b503c7d4348c9ca04f8d72f6c3d5f35
pyradiomics,hippocampus_193,public_anatomical,mr,linear_1p3,True,0.7796242000003986,pyradiomics|hippocampus_193|linear_1p3,indeterminate,True,True,True,0.03889250000065658,0.08139360000132001,107,107,0,0,3,,,c3bd72bb78e3a33d7f72647aae0736116530a988a313c0fb5bc10fb0a7713430,602848601fa90744e822f5885e3ecd4a6349014ab60d776e232c5df3a0f7be9f,602848601fa90744e822f5885e3ecd4a6349014ab60d776e232c5df3a0f7be9f,9f15641a82f8c4ec2f71ddb81197a4404cc640d3d86bb34613a97ccac01ede1f
pyradiomics,hippocampus_169,public_anatomical,mr,identity,True,0.820640199999616,pyradiomics|hippocampus_169|identity,satisfied,True,True,True,0.0432184999990568,0.10902060000080382,107,107,0,0,3,,,0cdd4e187fda8840c3dd60df917dce1040f27fabe2b4ff7ca74a6a6a88488faa,8e579accf6295a7feb7ce118100c955f033ef257ddd7a0ca14dc176422592b4c,8e579accf6295a7feb7ce118100c955f033ef257ddd7a0ca14dc176422592b4c,3ab13e37e49935e49dab3a446840d4eb7d766f3e95252b86016741470ba8999c
pyradiomics,hippocampus_169,public_anatomical,mr,cubic_1p3,True,1.4682341000007,pyradiomics|hippocampus_169|cubic_1p3,indeterminate,True,True,True,0.050950500000908505,0.7818044999985432,107,107,0,0,3,,,be5df3fc995b11950c133946fa937cbb0d849c733d9dd3c763ded200bd0b008d,a08f835315ce4e7814f94422539479002e9aa9b6781227857e0be8d7ca919a73,a08f835315ce4e7814f94422539479002e9aa9b6781227857e0be8d7ca919a73,0857eb610305dbea203fe926513354743b503c7d4348c9ca04f8d72f6c3d5f35
pyradiomics,hippocampus_169,public_anatomical,mr,linear_1p3,True,0.7296465999970678,pyradiomics|hippocampus_169|linear_1p3,indeterminate,True,True,True,0.04688489999898593,0.09116220000214525,107,107,0,0,3,,,c3bd72bb78e3a33d7f72647aae0736116530a988a313c0fb5bc10fb0a7713430,50a0b84d54dd60e7eda693cea3d96afeb1751da4c389c9d56c499736fc5a5edf,50a0b84d54dd60e7eda693cea3d96afeb1751da4c389c9d56c499736fc5a5edf,9f15641a82f8c4ec2f71ddb81197a4404cc640d3d86bb34613a97ccac01ede1f
pyradiomics,hippocampus_248,public_anatomical,mr,identity,True,0.7881035999998858,pyradiomics|hippocampus_248|identity,satisfied,True,True,True,0.04186959999788087,0.11364679999678629,107,107,0,0,3,,,0cdd4e187fda8840c3dd60df917dce1040f27fabe2b4ff7ca74a6a6a88488faa,ccdeff0066b32166b25c9117ae7778cf94d8d533eb5de5b66fa685db41a27486,ccdeff0066b32166b25c9117ae7778cf94d8d533eb5de5b66fa685db41a27486,3ab13e37e49935e49dab3a446840d4eb7d766f3e95252b86016741470ba8999c
pyradiomics,hippocampus_248,public_anatomical,mr,cubic_1p3,True,1.5169120999998995,pyradiomics|hippocampus_248|cubic_1p3,satisfied,True,True,True,0.048477700001967605,0.8609417000006943,107,107,0,0,3,,,be5df3fc995b11950c133946fa937cbb0d849c733d9dd3c763ded200bd0b008d,d0a7381160f4528e0e2da83e590cd5ffe741687d018ea3e3b871083a454d903a,d0a7381160f4528e0e2da83e590cd5ffe741687d018ea3e3b871083a454d903a,0857eb610305dbea203fe926513354743b503c7d4348c9ca04f8d72f6c3d5f35
pyradiomics,hippocampus_248,public_anatomical,mr,linear_1p3,True,0.7866329999997106,pyradiomics|hippocampus_248|linear_1p3,satisfied,True,True,True,0.04373259999920265,0.0988139000000956,107,107,0,0,3,,,c3bd72bb78e3a33d7f72647aae0736116530a988a313c0fb5bc10fb0a7713430,272f90fbbff6669aeee64cc28deb818155278b32f44096ab4a76ecd81377df0f,272f90fbbff6669aeee64cc28deb818155278b32f44096ab4a76ecd81377df0f,9f15641a82f8c4ec2f71ddb81197a4404cc640d3d86bb34613a97ccac01ede1f
pyradiomics,spleen_22,public_anatomical,ct,identity,True,71.1994263000015,pyradiomics|spleen_22|identity,satisfied,True,True,True,5.194410000000062,64.97422550000192,107,107,0,0,3,,,3b2c256694ed07bd744e24f6a45dfda60d09a9419d274e3cffda3f6455715d82,431229340499dc2f7a7ecd4076f29639dc6c8e7e3cba9afabab146058cd6d237,431229340499dc2f7a7ecd4076f29639dc6c8e7e3cba9afabab146058cd6d237,4256e4856dfbf86a114984c6ebbc8b3340bd304c457f8b2a47b005e4e17dcda2
pyradiomics,spleen_28,public_anatomical,ct,identity,True,20.87119370000073,pyradiomics|spleen_28|identity,satisfied,True,True,True,1.3066462999995565,18.697105300001567,107,107,0,0,3,,,3b2c256694ed07bd744e24f6a45dfda60d09a9419d274e3cffda3f6455715d82,dfa8ce319c3832da8770817894ed26ec4c14a9e87fe7d1cf2b5a7e54a9212752,dfa8ce319c3832da8770817894ed26ec4c14a9e87fe7d1cf2b5a7e54a9212752,4256e4856dfbf86a114984c6ebbc8b3340bd304c457f8b2a47b005e4e17dcda2
