dataset,case,kind,metric,n,missing,min,q25,median,q75,max,mean
synthetic,crop_roi_margin,valid_control,producer_seconds,32,0,0.0003797000008489704,0.0006135249996077619,0.0006890000004204921,0.0009410999996362079,0.0010946000002149958,0.0007532812500130603
synthetic,crop_roi_margin,valid_control,witness_seconds,32,0,0.0017898000005516224,0.003805975000432227,0.004197049999675073,0.004691349999575323,0.00641639999957988,0.004183868749976227
synthetic,crop_roi_margin,valid_control,file_io_seconds,32,0,0.03281470000001718,0.05456824999919263,0.05745350000051985,0.05876092500102459,0.06798280000111845,0.055195009375154314
synthetic,crop_roi_margin,valid_control,file_witness_seconds,32,0,0.0019350000002305023,0.0040857000008145405,0.004459350000615814,0.005493474999639147,0.006260000000111177,0.004584278125150831
synthetic,crop_roi_margin,valid_control,file_unavailable_elapsed_seconds,0,32,,,,,,
synthetic,half_voxel_sampling_displacement,own_wrapper_mutation,producer_seconds,32,0,0.0020244999996066326,0.0047339250004370115,0.0058071000003110385,0.007896900000559981,0.01189410000006319,0.0063473249999788095
synthetic,half_voxel_sampling_displacement,own_wrapper_mutation,witness_seconds,32,0,0.012234300000272924,0.037674874999993335,0.04704025000046386,0.06606132500019157,0.0909988000003068,0.050449531250365
synthetic,half_voxel_sampling_displacement,own_wrapper_mutation,file_io_seconds,32,0,0.045243100001243874,0.08564689999911934,0.10187779999978375,0.11354870000104711,0.1494762999991508,0.09750200000001996
synthetic,half_voxel_sampling_displacement,own_wrapper_mutation,file_witness_seconds,32,0,0.012434400001438917,0.03592712499994377,0.048232049999569426,0.0654020249999121,0.0842568999996729,0.05055190624995021
synthetic,half_voxel_sampling_displacement,own_wrapper_mutation,file_unavailable_elapsed_seconds,0,32,,,,,,
synthetic,identity,valid_control,producer_seconds,32,0,0.0,0.0,0.0,0.0,0.0,0.0
synthetic,identity,valid_control,witness_seconds,32,0,0.00170080000134476,0.0032358999997086357,0.004285999999410706,0.00489270000025499,0.006485300000349525,0.004111771875045633
synthetic,identity,valid_control,file_io_seconds,32,0,0.023061000001689536,0.03710460000002058,0.04395545000079437,0.045302625000658736,0.052158200000121724,0.04118026562508703
synthetic,identity,valid_control,file_witness_seconds,32,0,0.0019792000002780696,0.004030875001262757,0.004600350000146136,0.005458725000153208,0.007180399999924703,0.004543706250217383
synthetic,identity,valid_control,file_unavailable_elapsed_seconds,0,32,,,,,,
synthetic,isotropic_0p8mm,valid_control,producer_seconds,32,0,0.002092199998514843,0.004862825000145676,0.00645769999937329,0.00805967500036786,0.012128500000471831,0.00651833124982204
synthetic,isotropic_0p8mm,valid_control,witness_seconds,32,0,0.011793499999839696,0.034171175000210496,0.05129239999951096,0.061312350000207516,0.0755871000001207,0.048516078124919204
synthetic,isotropic_0p8mm,valid_control,file_io_seconds,32,0,0.04242869999870891,0.08795555000051536,0.09707950000029086,0.11460307500010458,0.13069370000084746,0.09686152500023582
synthetic,isotropic_0p8mm,valid_control,file_witness_seconds,32,0,0.012705999999525375,0.038066424999669835,0.05005850000088685,0.0624728500006313,0.07717740000043705,0.04958534375015233
synthetic,isotropic_0p8mm,valid_control,file_unavailable_elapsed_seconds,0,32,,,,,,
synthetic,isotropic_1mm,valid_control,producer_seconds,32,0,0.0016204000003199326,0.0034011249990726355,0.004458450000129233,0.005399125000622007,0.0069839000007050345,0.004438090625001223
synthetic,isotropic_1mm,valid_control,witness_seconds,32,0,0.005308699999659439,0.015701000000717613,0.02405445000022155,0.03328804999955537,0.04016539999975066,0.024551409374907962
synthetic,isotropic_1mm,valid_control,file_io_seconds,32,0,0.03789379999943776,0.06577039999956469,0.07072289999996428,0.08132394999984172,0.09215270000095188,0.07175457187486245
synthetic,isotropic_1mm,valid_control,file_witness_seconds,32,0,0.005298800000673509,0.016249925000465737,0.024823849998938385,0.029566574999535078,0.04201199999988603,0.024456528125085697
synthetic,isotropic_1mm,valid_control,file_unavailable_elapsed_seconds,0,32,,,,,,
synthetic,isotropic_2mm,valid_control,producer_seconds,32,0,0.0010657000002538553,0.0017642499997236882,0.0023812500012354576,0.0027309249999234453,0.0033944999995583203,0.0022762562500133754
synthetic,isotropic_2mm,valid_control,witness_seconds,32,0,0.0010545000004640315,0.002647174999310664,0.003161099999488215,0.0038750250005250564,0.005690800000593299,0.003307684375158715
synthetic,isotropic_2mm,valid_control,file_io_seconds,32,0,0.02713179999955173,0.041619925000759395,0.04738675000044168,0.05186187500021333,0.057945399999880465,0.04596028437504174
synthetic,isotropic_2mm,valid_control,file_witness_seconds,32,0,0.0010184000002482207,0.002260174999719311,0.0031829500003368594,0.0037994999997863488,0.005281400000967551,0.003079290625066733
synthetic,isotropic_2mm,valid_control,file_unavailable_elapsed_seconds,0,32,,,,,,
synthetic,linear_mask_threshold,own_wrapper_mutation,producer_seconds,32,0,0.0030614000006607966,0.006507825000426237,0.009122850000494509,0.010902650000389258,0.015442400001120404,0.00909990625024193
synthetic,linear_mask_threshold,own_wrapper_mutation,witness_seconds,32,0,0.012355799999568262,0.03559545000052822,0.048298600000634906,0.06362142500074697,0.08243640000000596,0.048865506250251656
synthetic,linear_mask_threshold,own_wrapper_mutation,file_io_seconds,32,0,0.04487369999878865,0.08389012499947057,0.0995224500002223,0.1143013750006503,0.1455043999994814,0.09857125312487369
synthetic,linear_mask_threshold,own_wrapper_mutation,file_witness_seconds,32,0,0.012383200000840588,0.032540200000312325,0.05346859999917797,0.06483445000094434,0.08831830000053742,0.05025490937515542
synthetic,linear_mask_threshold,own_wrapper_mutation,file_unavailable_elapsed_seconds,0,32,,,,,,
synthetic,orient,valid_control,producer_seconds,32,0,0.0012459999998100102,0.002059749999716587,0.002251300000352785,0.0027277999997750157,0.00342350000028091,0.0023205156251151493
synthetic,orient,valid_control,witness_seconds,32,0,0.001802799999495619,0.0035990749993288773,0.0040171999999074615,0.004394674998820847,0.0057887000002665445,0.003965087499864239
synthetic,orient,valid_control,file_io_seconds,32,0,0.028587100001459476,0.043586224999671686,0.04824969999936002,0.05010625000022628,0.0712002999989636,0.046637365624974336
synthetic,orient,valid_control,file_witness_seconds,32,0,0.0018429000010655727,0.0036026750008204544,0.0045591000007334515,0.004940525001075002,0.006173200001285295,0.004260103125091064
synthetic,orient,valid_control,file_unavailable_elapsed_seconds,0,32,,,,,,
synthetic,pad,valid_control,producer_seconds,32,0,0.0007243000000016764,0.0010596750012155098,0.0013262499996926636,0.001687400000719208,0.0019390000015846454,0.0013522375001571163
synthetic,pad,valid_control,witness_seconds,32,0,0.002709399999730522,0.005230400000982627,0.006319549999716401,0.006967374999931053,0.009673900000052527,0.006132871875252022
synthetic,pad,valid_control,file_io_seconds,32,0,0.029713199999605422,0.044839349999620026,0.04945309999948222,0.052623850000600214,0.06066830000054324,0.04813978750001979
synthetic,pad,valid_control,file_witness_seconds,32,0,0.002733799999987241,0.004886475000603241,0.005717449999792734,0.006432199999835575,0.010835099999894737,0.005795468750136479
synthetic,pad,valid_control,file_unavailable_elapsed_seconds,0,32,,,,,,
synthetic,premature_integer_storage,own_wrapper_mutation,producer_seconds,32,0,0.000785300000643474,0.0012907750010526797,0.0016495499994562124,0.0020366249996186525,0.002570200000263867,0.001685040625147849
synthetic,premature_integer_storage,own_wrapper_mutation,witness_seconds,32,0,0.014098699999522069,0.034801650001099915,0.048888300000726304,0.06474174999948445,0.08864160000121046,0.049550928124972415
synthetic,premature_integer_storage,own_wrapper_mutation,file_io_seconds,32,0,0.03038139999989653,0.05343297499939581,0.056742550000308256,0.06193417500026044,0.07831359999909182,0.05621606874990448
synthetic,premature_integer_storage,own_wrapper_mutation,file_witness_seconds,32,0,0.013923600001362502,0.036477399999057525,0.04872549999981857,0.06050500000037573,0.08964860000014596,0.048669868750153
synthetic,premature_integer_storage,own_wrapper_mutation,file_unavailable_elapsed_seconds,0,32,,,,,,
synthetic,roi_truncation,support_policy_control,producer_seconds,32,0,0.0005627999998978339,0.0007800000003044261,0.0008375999996133032,0.001144549999935407,0.0013376000006246613,0.0009394625001277745
synthetic,roi_truncation,support_policy_control,witness_seconds,32,0,0.0006008999989717267,0.0010554499990576005,0.00128844999926514,0.0015197250004348462,0.001806899999792222,0.001288603124862675
synthetic,roi_truncation,support_policy_control,file_io_seconds,32,0,0.02586889999838604,0.04126887500024168,0.04389809999975114,0.047166275000108726,0.05157320000034815,0.04321750937492652
synthetic,roi_truncation,support_policy_control,file_witness_seconds,32,0,0.0006410000005416805,0.0010553000006439106,0.0013310500007719384,0.0014683000003969937,0.0017506999993202044,0.0012715687499280648
synthetic,roi_truncation,support_policy_control,file_unavailable_elapsed_seconds,0,32,,,,,,
synthetic,shared_origin_shift,own_wrapper_mutation,producer_seconds,32,0,0.0002795000000332948,0.0004094749992873403,0.00045264999971550424,0.0005465749995892111,0.0009755999999470077,0.0004863687498186664
synthetic,shared_origin_shift,own_wrapper_mutation,witness_seconds,32,0,0.0017150000003312016,0.003258674998960487,0.0040091500004564296,0.00472170000011829,0.006904999998369021,0.004028359374842694
synthetic,shared_origin_shift,own_wrapper_mutation,file_io_seconds,32,0,0.028590199999598553,0.04449742499991771,0.0480293000000529,0.05124419999901875,0.05571550000058778,0.04650811250002107
synthetic,shared_origin_shift,own_wrapper_mutation,file_witness_seconds,32,0,0.001980199998797616,0.003652225001133047,0.004365949999737495,0.005093975000363571,0.0065443999992567115,0.004264115624778242
synthetic,shared_origin_shift,own_wrapper_mutation,file_unavailable_elapsed_seconds,0,32,,,,,,
synthetic,stale_crop_origin,own_wrapper_mutation,producer_seconds,32,0,0.0002796000007947441,0.00043767500028479844,0.0004906999993181671,0.0005143000003045017,0.0005596999999397667,0.0004665187499313106
synthetic,stale_crop_origin,own_wrapper_mutation,witness_seconds,32,0,0.0019004000005224952,0.003713774999596353,0.004253500000231725,0.005153000000063912,0.006610599999476108,0.00435149687490366
synthetic,stale_crop_origin,own_wrapper_mutation,file_io_seconds,32,0,0.024800799999866285,0.04752810000036334,0.05075834999934159,0.053852950000873534,0.10862810000071477,0.051194525000141766
synthetic,stale_crop_origin,own_wrapper_mutation,file_witness_seconds,32,0,0.0019093999999313382,0.003609424999467592,0.004516199999670789,0.005080049999378389,0.0061540999995486345,0.004318734374749056
synthetic,stale_crop_origin,own_wrapper_mutation,file_unavailable_elapsed_seconds,0,32,,,,,,
synthetic,wrong_image_kernel,own_wrapper_mutation,producer_seconds,32,0,0.0017281000000366475,0.0037664500005121226,0.004883999999947264,0.006390574999841192,0.00906819999909203,0.005101378124948042
synthetic,wrong_image_kernel,own_wrapper_mutation,witness_seconds,32,0,0.017794000001231325,0.034671399999751884,0.04826110000067274,0.06472027500058175,0.08131590000084543,0.04885983750006062
synthetic,wrong_image_kernel,own_wrapper_mutation,file_io_seconds,32,0,0.028579600000739447,0.048443674999361974,0.05316300000049523,0.0572597999998834,0.08402749999913794,0.051749678124906495
synthetic,wrong_image_kernel,own_wrapper_mutation,file_witness_seconds,32,0,0.012180300000181887,0.03424587499966947,0.04936879999968369,0.06607777499993972,0.07920240000021295,0.04963826250013881
synthetic,wrong_image_kernel,own_wrapper_mutation,file_unavailable_elapsed_seconds,0,32,,,,,,
