dataset,volume_id,status,source_shape,file_roundtrip_selected,failed_case,operation_phase,total_seconds,input_io_seconds,input_to_native_seconds
Task04_Hippocampus,hippocampus_001,evaluated,"[35,51,35]",True,,,0.9907060999994428,0.004273299999113078,0.0004714999995485414
Task04_Hippocampus,hippocampus_003,evaluated,"[34,52,35]",True,,,1.0610727999992378,0.004913599999781582,0.0004650999999284977
Task04_Hippocampus,hippocampus_004,evaluated,"[36,52,38]",True,,,1.7890157000001636,0.003946900000300957,0.00040690000059839804
Task04_Hippocampus,hippocampus_006,evaluated,"[35,52,34]",False,,,0.4489828999994643,0.008754300000873627,0.0006112999999459134
Task04_Hippocampus,hippocampus_007,evaluated,"[34,47,40]",False,,,0.4926300999995874,0.010192600000664243,0.000740100000257371
Task04_Hippocampus,hippocampus_008,evaluated,"[36,48,40]",False,,,0.4918653999993694,0.011598500001127832,0.0007712999995419523
Task04_Hippocampus,hippocampus_011,evaluated,"[36,50,31]",False,,,0.3743028000008053,0.007192499999291613,0.0004933000000164611
Task04_Hippocampus,hippocampus_014,evaluated,"[39,50,40]",False,,,0.505206800000451,0.009444099998290767,0.0006953000010980759
Task04_Hippocampus,hippocampus_015,evaluated,"[42,51,28]",False,,,0.3831265999997413,0.008242099998824415,0.0005165999991731951
Task04_Hippocampus,hippocampus_017,evaluated,"[35,48,32]",False,,,0.34705960000064806,0.00728750000052969,0.00043249999907857273
Task04_Hippocampus,hippocampus_019,evaluated,"[36,47,41]",False,,,0.46188160000019707,0.008288200000606594,0.000733599999875878
Task04_Hippocampus,hippocampus_020,evaluated,"[36,46,43]",False,,,0.4958423000007315,0.008622699999250472,0.000855500000398024
Task04_Hippocampus,hippocampus_023,evaluated,"[35,51,35]",False,,,0.4421755999992456,0.008620399999927031,0.0009059000003617257
Task04_Hippocampus,hippocampus_024,evaluated,"[38,52,33]",False,,,0.43767290000141656,0.008921500000724336,0.0007291000001714565
Task04_Hippocampus,hippocampus_025,evaluated,"[35,48,35]",False,,,0.3990971000002901,0.009136900000157766,0.000679300001138472
Task04_Hippocampus,hippocampus_026,evaluated,"[36,50,36]",False,,,0.42592420000073616,0.008319599999595084,0.0007002999991527759
Task04_Hippocampus,hippocampus_033,evaluated,"[33,48,38]",False,,,0.3992860999987897,0.01093839999884949,0.0006441999994422076
Task04_Hippocampus,hippocampus_034,evaluated,"[36,49,40]",False,,,0.4803126999995584,0.0071755999997549225,0.0006266999989748001
Task04_Hippocampus,hippocampus_035,evaluated,"[35,47,37]",False,,,0.4427367999996932,0.0087028999987524,0.0006966000000829808
Task04_Hippocampus,hippocampus_036,evaluated,"[36,47,39]",False,,,0.5213726999991195,0.010423800000353367,0.00090970000019297
Task04_Hippocampus,hippocampus_037,evaluated,"[34,51,32]",False,,,0.43893430000025546,0.011504299998705392,0.0008966000004875241
Task04_Hippocampus,hippocampus_038,evaluated,"[37,51,35]",False,,,0.4594640999985131,0.008220499999879394,0.0006501999996544328
Task04_Hippocampus,hippocampus_039,evaluated,"[34,53,34]",False,,,0.459853700000167,0.010838599999260623,0.0008357000006071758
Task04_Hippocampus,hippocampus_040,evaluated,"[36,52,37]",False,,,0.48633930000141845,0.009706599999844912,0.0007839000008971198
Task04_Hippocampus,hippocampus_041,evaluated,"[36,51,34]",False,,,0.41483509999852686,0.008665299999847775,0.0005225999993854202
Task04_Hippocampus,hippocampus_042,evaluated,"[37,52,34]",False,,,0.5047771000008652,0.009986199998820666,0.0006501000007119728
Task04_Hippocampus,hippocampus_044,evaluated,"[38,48,33]",False,,,0.4872756999993726,0.009108399999604444,0.000717699998858734
Task04_Hippocampus,hippocampus_045,evaluated,"[36,48,37]",False,,,0.521078399999169,0.00806890000058047,0.0005481000007421244
Task04_Hippocampus,hippocampus_046,evaluated,"[36,49,38]",False,,,0.4746025999993435,0.009515499999906751,0.0006837000000814442
Task04_Hippocampus,hippocampus_048,evaluated,"[38,52,29]",False,,,0.3753818000004685,0.008233799999288749,0.0007564999996247934
Task04_Hippocampus,hippocampus_049,evaluated,"[35,51,36]",False,,,0.4897670999998809,0.008427599999777158,0.0007784999997966224
Task04_Hippocampus,hippocampus_050,evaluated,"[38,49,38]",False,,,0.49131470000065747,0.009384000000864035,0.0006823999992775498
Task04_Hippocampus,hippocampus_051,evaluated,"[33,54,39]",False,,,0.5170080999996571,0.010284799998771632,0.000625900000159163
Task04_Hippocampus,hippocampus_052,evaluated,"[34,52,40]",False,,,0.5500291999996989,0.009148700000878307,0.0006202999993547564
Task04_Hippocampus,hippocampus_053,evaluated,"[37,51,35]",False,,,0.47737680000136606,0.009504899999228655,0.0006857999997009756
Task04_Hippocampus,hippocampus_056,evaluated,"[41,47,42]",False,,,0.5779391999985819,0.010025200001109624,0.0007526000008510891
Task04_Hippocampus,hippocampus_057,evaluated,"[35,51,34]",False,,,0.43217989999902784,0.008587099999203929,0.0006678999998257495
Task04_Hippocampus,hippocampus_058,evaluated,"[34,53,36]",False,,,0.5075826000011148,0.010632900000928203,0.0009217000006174203
Task04_Hippocampus,hippocampus_060,evaluated,"[39,52,31]",False,,,0.44739409999965574,0.010091899999679299,0.0008242999992944533
Task04_Hippocampus,hippocampus_064,evaluated,"[35,53,35]",False,,,0.43195449999984703,0.009176400000797003,0.0007448000014846912
Task04_Hippocampus,hippocampus_065,evaluated,"[39,52,37]",False,,,0.5330139999987296,0.008497700000589248,0.0007122999995772261
Task04_Hippocampus,hippocampus_067,evaluated,"[36,42,41]",False,,,0.39300899999943795,0.008374499999263207,0.0007269999987329356
Task04_Hippocampus,hippocampus_068,evaluated,"[36,40,43]",False,,,0.3727292000003217,0.008041999999477412,0.00047900000026857015
Task04_Hippocampus,hippocampus_070,evaluated,"[37,50,38]",False,,,0.4529973000007885,0.008397300000069663,0.0005737000010412885
Task04_Hippocampus,hippocampus_074,evaluated,"[37,47,42]",False,,,0.3898426000014297,0.00742770000033488,0.0007590999994135927
Task04_Hippocampus,hippocampus_075,evaluated,"[32,47,41]",False,,,0.4558235999993485,0.007787999998981832,0.0007051000011415454
Task04_Hippocampus,hippocampus_077,evaluated,"[35,47,45]",False,,,0.5431275999999343,0.010580899999695248,0.0009057999996002764
Task04_Hippocampus,hippocampus_083,evaluated,"[33,52,37]",False,,,0.4722370999988925,0.008241199999247328,0.0006998999997449573
Task04_Hippocampus,hippocampus_084,evaluated,"[34,52,37]",False,,,0.4589384999999311,0.008488700001180405,0.0007423999995808117
Task04_Hippocampus,hippocampus_087,evaluated,"[35,55,32]",False,,,0.40193170000020473,0.007587000000057742,0.0005632000011246419
Task04_Hippocampus,hippocampus_088,evaluated,"[40,52,35]",False,,,0.4653834000000643,0.008437000000412809,0.0006546000004163943
Task04_Hippocampus,hippocampus_089,evaluated,"[34,51,38]",False,,,0.5514290000010078,0.007724600000074133,0.0005605000005743932
Task04_Hippocampus,hippocampus_090,evaluated,"[37,50,40]",False,,,0.6334468000004563,0.009879100000034668,0.0009061999990080949
Task04_Hippocampus,hippocampus_091,evaluated,"[36,51,29]",False,,,0.3658554000012373,0.01111990000026708,0.0009289999998145504
Task04_Hippocampus,hippocampus_092,evaluated,"[38,49,28]",False,,,0.32037379999928817,0.00927869999941322,0.00045870000030845404
Task04_Hippocampus,hippocampus_093,evaluated,"[34,53,37]",False,,,0.5028493999998318,0.00835689999985334,0.0007292999998753658
Task04_Hippocampus,hippocampus_094,evaluated,"[38,50,38]",False,,,0.5196630999998888,0.009034800001245458,0.000701400000252761
Task04_Hippocampus,hippocampus_095,evaluated,"[34,49,39]",False,,,0.38965099999950326,0.007682499999646097,0.0005355000012059463
Task04_Hippocampus,hippocampus_096,evaluated,"[34,47,39]",False,,,0.3834425999993982,0.007806699999491684,0.0005971999999019317
Task04_Hippocampus,hippocampus_097,evaluated,"[37,48,34]",False,,,0.3358747999991465,0.00886509999872942,0.0005254999996395782
Task04_Hippocampus,hippocampus_098,evaluated,"[37,48,34]",False,,,0.37787520000165387,0.009354400001029717,0.0006718999993609032
Task04_Hippocampus,hippocampus_099,evaluated,"[33,52,27]",False,,,0.26036280000153056,0.0077016999985062284,0.0006038000010448741
Task04_Hippocampus,hippocampus_101,evaluated,"[36,52,32]",False,,,0.38411489999998594,0.007719399998677545,0.0005397999993874691
Task04_Hippocampus,hippocampus_102,evaluated,"[36,55,32]",False,,,0.4300896000004286,0.007422300001053372,0.000506800000948715
Task04_Hippocampus,hippocampus_104,evaluated,"[35,53,39]",False,,,0.5383447000003798,0.009095200000956538,0.0007224000000860542
Task04_Hippocampus,hippocampus_105,evaluated,"[33,47,37]",False,,,0.3967845999995916,0.007071200001519173,0.0005719999990105862
Task04_Hippocampus,hippocampus_106,evaluated,"[34,46,38]",False,,,0.3856847999995807,0.00953280000067025,0.0007595000006404007
Task04_Hippocampus,hippocampus_107,evaluated,"[35,55,34]",False,,,0.4625384999999369,0.008707199998752913,0.0005708999997295905
Task04_Hippocampus,hippocampus_108,evaluated,"[36,53,37]",False,,,0.43029049999859126,0.011927700001251651,0.0008820000002742745
Task04_Hippocampus,hippocampus_109,evaluated,"[36,49,36]",False,,,0.3654322999991564,0.0064623999987816205,0.0005834999992657686
Task04_Hippocampus,hippocampus_114,evaluated,"[38,50,39]",False,,,0.42997790000117675,0.007624699999723816,0.0007480999993276782
Task04_Hippocampus,hippocampus_123,evaluated,"[32,53,38]",False,,,0.39516309999999066,0.00914320000083535,0.0007417999986500945
Task04_Hippocampus,hippocampus_124,evaluated,"[35,55,41]",False,,,0.4516704000016034,0.008155699999406352,0.0007468000003427733
Task04_Hippocampus,hippocampus_125,evaluated,"[43,42,39]",False,,,0.3395450999996683,0.010354199999710545,0.0005176000013307203
Task04_Hippocampus,hippocampus_126,evaluated,"[39,44,43]",False,,,0.39189669999905163,0.008516300000337651,0.0006765999987692339
Task04_Hippocampus,hippocampus_127,evaluated,"[38,55,31]",False,,,0.381672499999695,0.010625599999912083,0.0008971999995992519
Task04_Hippocampus,hippocampus_130,evaluated,"[35,49,40]",False,,,0.3705165000010311,0.007368799999312614,0.0006203000011737458
Task04_Hippocampus,hippocampus_132,evaluated,"[36,50,40]",False,,,0.4150368000009621,0.009238900000127614,0.0005504000000655651
Task04_Hippocampus,hippocampus_133,evaluated,"[39,41,42]",False,,,0.3895946000011463,0.007818199999746867,0.0004721000004792586
Task04_Hippocampus,hippocampus_135,evaluated,"[32,49,38]",False,,,0.3747994999994262,0.007442500000252039,0.0006264999992708908
Task04_Hippocampus,hippocampus_136,evaluated,"[34,49,41]",False,,,0.434992800001055,0.009188500000163913,0.0005899999996472616
Task04_Hippocampus,hippocampus_138,evaluated,"[32,46,42]",False,,,0.364972299999863,0.008265700000265497,0.0006852999995317077
Task04_Hippocampus,hippocampus_141,evaluated,"[33,44,42]",False,,,0.3748015999990457,0.009612899999410729,0.000493800000185729
Task04_Hippocampus,hippocampus_142,evaluated,"[38,43,41]",False,,,0.3287765999994008,0.0075968000001012115,0.0005894000005355338
Task04_Hippocampus,hippocampus_143,evaluated,"[32,45,41]",False,,,0.31558640000002924,0.007451299999956973,0.0005801000006613322
Task04_Hippocampus,hippocampus_144,evaluated,"[34,45,43]",False,,,0.3189244000004692,0.00731400000040594,0.0005220000002736924
Task04_Hippocampus,hippocampus_145,evaluated,"[36,53,33]",False,,,0.3490524999997433,0.007380099999863887,0.0005400000009103678
Task04_Hippocampus,hippocampus_146,evaluated,"[36,51,32]",False,,,0.3108241999998427,0.008231300000261399,0.00043480000022100285
Task04_Hippocampus,hippocampus_148,evaluated,"[34,48,32]",False,,,0.27550779999910446,0.006866100000479491,0.0005135999999765772
Task04_Hippocampus,hippocampus_149,evaluated,"[33,49,32]",False,,,0.25968420000026526,0.006555900001330883,0.00043960000039078295
Task04_Hippocampus,hippocampus_150,evaluated,"[37,49,34]",False,,,0.2778247000005649,0.006931600000825711,0.0005780999999842606
Task04_Hippocampus,hippocampus_152,evaluated,"[36,53,37]",False,,,0.3935483999994176,0.007907400000476628,0.000534200000402052
Task04_Hippocampus,hippocampus_154,evaluated,"[35,46,42]",False,,,0.37573109999902954,0.0072326999998040264,0.0004533000010269461
Task04_Hippocampus,hippocampus_155,evaluated,"[34,53,37]",False,,,0.3799176999982592,0.00771080000049551,0.0005698000004485948
Task04_Hippocampus,hippocampus_156,evaluated,"[36,52,36]",False,,,0.3622221999994508,0.007386499999483931,0.0005302999998093583
Task04_Hippocampus,hippocampus_157,evaluated,"[36,51,35]",False,,,0.3400733999988006,0.007378700000117533,0.0005522999999811873
Task04_Hippocampus,hippocampus_158,evaluated,"[38,52,36]",False,,,0.4144543000002159,0.0071274999991146615,0.0005373999993025791
Task04_Hippocampus,hippocampus_160,evaluated,"[34,51,26]",False,,,0.2664132999998401,0.008343299999978626,0.00046010000005480833
Task04_Hippocampus,hippocampus_161,evaluated,"[35,51,36]",False,,,0.38399869999921066,0.00883609999982582,0.0007285000010597287
Task04_Hippocampus,hippocampus_162,evaluated,"[38,51,37]",False,,,0.3443389999993087,0.007412200000544544,0.0005535000000236323
Task04_Hippocampus,hippocampus_163,evaluated,"[36,47,44]",False,,,0.550091799999791,0.00784620000013092,0.0005861000008735573
Task04_Hippocampus,hippocampus_164,evaluated,"[41,48,47]",False,,,0.6481665999999677,0.008682300000145915,0.0008522999996785074
Task04_Hippocampus,hippocampus_165,evaluated,"[34,49,29]",False,,,0.3721908000006806,0.009650600000895793,0.000812700000096811
Task04_Hippocampus,hippocampus_166,evaluated,"[36,49,31]",False,,,0.336785499999678,0.008726699999897392,0.0006379000005836133
Task04_Hippocampus,hippocampus_169,evaluated,"[36,45,39]",False,,,0.4123524999995425,0.006721899999320158,0.0005564999992202502
Task04_Hippocampus,hippocampus_170,evaluated,"[34,48,40]",False,,,0.5000438999995822,0.008264000000053784,0.0005732999998144805
Task04_Hippocampus,hippocampus_171,evaluated,"[35,56,28]",False,,,0.3705707999997685,0.010733700000855606,0.0009466999999858672
Task04_Hippocampus,hippocampus_172,evaluated,"[34,56,31]",False,,,0.2613490000003367,0.0046897000011085765,0.0004031999997096136
Task04_Hippocampus,hippocampus_173,evaluated,"[35,53,32]",False,,,0.23688550000042596,0.004235300000800635,0.00034129999949072953
Task04_Hippocampus,hippocampus_174,evaluated,"[37,55,34]",False,,,0.343216700000994,0.005494499999258551,0.00041459999920334667
Task04_Hippocampus,hippocampus_175,evaluated,"[33,47,35]",False,,,0.28485300000102143,0.005227400000876514,0.0005232000003161374
Task04_Hippocampus,hippocampus_176,evaluated,"[35,50,36]",False,,,0.40223929999956454,0.005248200001005898,0.0005779000002803514
Task04_Hippocampus,hippocampus_177,evaluated,"[33,44,40]",False,,,0.5139042000009795,0.009451500000068336,0.0005527000012079952
Task04_Hippocampus,hippocampus_178,evaluated,"[35,44,41]",False,,,0.5216782999996212,0.00988130000041565,0.001031699999657576
Task04_Hippocampus,hippocampus_180,evaluated,"[37,45,36]",False,,,0.3707541999992827,0.012933399999383255,0.0007997000011528144
Task04_Hippocampus,hippocampus_181,evaluated,"[33,49,40]",False,,,0.46445090000088385,0.007818099998985417,0.0006262999995669816
Task04_Hippocampus,hippocampus_184,evaluated,"[37,51,33]",False,,,0.48783449999973527,0.009502599999905215,0.0006231999996089144
Task04_Hippocampus,hippocampus_185,evaluated,"[35,49,33]",False,,,0.4274091999996017,0.010852800000066054,0.0005311000004439848
Task04_Hippocampus,hippocampus_188,evaluated,"[37,54,36]",False,,,0.49346040000091307,0.01113450000048033,0.0008541999995941296
Task04_Hippocampus,hippocampus_189,evaluated,"[35,53,30]",False,,,0.3270396999996592,0.009345299999040435,0.0006555999989359407
Task04_Hippocampus,hippocampus_190,evaluated,"[37,52,30]",False,,,0.35133739999946556,0.00864479999836476,0.0004979999994247919
Task04_Hippocampus,hippocampus_193,evaluated,"[33,50,29]",False,,,0.31339239999942947,0.00799869999900693,0.0006149000000732485
Task04_Hippocampus,hippocampus_194,evaluated,"[35,50,30]",False,,,0.35004879999905825,0.009200700000292272,0.0007506999991164776
Task04_Hippocampus,hippocampus_195,evaluated,"[33,53,28]",False,,,0.3410364999999729,0.010915300001215655,0.0009148999997705687
Task04_Hippocampus,hippocampus_197,evaluated,"[38,51,31]",False,,,0.4040537000000768,0.009025199999086908,0.0008035999999265186
Task04_Hippocampus,hippocampus_199,evaluated,"[37,52,26]",False,,,0.32693789999939327,0.01002130000051693,0.0005591999997704988
Task04_Hippocampus,hippocampus_203,evaluated,"[34,49,38]",False,,,0.44553820000146516,0.008050799999182345,0.0006085000004532048
Task04_Hippocampus,hippocampus_204,evaluated,"[36,48,39]",False,,,0.45149769999989076,0.01043759999993199,0.0009606000003259396
Task04_Hippocampus,hippocampus_205,evaluated,"[32,47,32]",False,,,0.3296083000004728,0.008790300000327989,0.0005942000007053139
Task04_Hippocampus,hippocampus_207,evaluated,"[35,53,33]",False,,,0.41510419999940495,0.011053199999878416,0.0007498000013583805
Task04_Hippocampus,hippocampus_210,evaluated,"[34,48,40]",False,,,0.4334318000001076,0.007915299998785486,0.0006174000009195879
Task04_Hippocampus,hippocampus_212,evaluated,"[35,56,34]",False,,,0.5012956999999005,0.00954479999927571,0.0006612999986828072
Task04_Hippocampus,hippocampus_215,evaluated,"[35,49,33]",False,,,0.4528327999996691,0.010575299998890841,0.0008523999986209674
Task04_Hippocampus,hippocampus_216,evaluated,"[32,49,36]",False,,,0.44299080000018876,0.00928109999949811,0.0007406000004266389
Task04_Hippocampus,hippocampus_217,evaluated,"[38,53,27]",False,,,0.39115010000023176,0.010565100001258543,0.0005552000002353452
Task04_Hippocampus,hippocampus_219,evaluated,"[37,45,39]",False,,,0.5110100999991118,0.012608300001375028,0.0010755000002973247
Task04_Hippocampus,hippocampus_220,evaluated,"[39,45,40]",False,,,0.5368818000006286,0.009056799999598297,0.0006914999994478421
Task04_Hippocampus,hippocampus_221,evaluated,"[32,48,34]",False,,,0.4566453999996156,0.013320699999894714,0.0009848999998212093
Task04_Hippocampus,hippocampus_222,evaluated,"[34,49,36]",False,,,0.34620770000037737,0.010109899998496985,0.0006906999988132156
Task04_Hippocampus,hippocampus_223,evaluated,"[35,52,37]",False,,,0.5162958999990224,0.011141200000565732,0.0009121000002778601
Task04_Hippocampus,hippocampus_224,evaluated,"[37,48,37]",False,,,0.40867100000104983,0.008786800000962103,0.00048489999971934594
Task04_Hippocampus,hippocampus_225,evaluated,"[33,53,26]",False,,,0.27153139999973064,0.008133700001053512,0.0006571000012627337
Task04_Hippocampus,hippocampus_226,evaluated,"[32,51,28]",False,,,0.3291895000002114,0.007861100000809529,0.0006071999996493105
Task04_Hippocampus,hippocampus_227,evaluated,"[36,47,36]",False,,,0.41453700000056415,0.009383099999467959,0.0005982999991829274
Task04_Hippocampus,hippocampus_228,evaluated,"[37,48,36]",False,,,0.4201469999989058,0.00867390000166779,0.0007612999997945735
Task04_Hippocampus,hippocampus_229,evaluated,"[33,50,35]",False,,,0.3852454999996553,0.010084699999424629,0.0006708999990223674
Task04_Hippocampus,hippocampus_230,evaluated,"[34,49,37]",False,,,0.4285607000001619,0.010158399998545065,0.0007767999995849095
Task04_Hippocampus,hippocampus_231,evaluated,"[33,47,42]",False,,,0.447033399999782,0.009110999999393243,0.0006028000007063383
Task04_Hippocampus,hippocampus_232,evaluated,"[36,44,43]",False,,,0.4524459000003844,0.008486099999572616,0.0006983999992371537
Task04_Hippocampus,hippocampus_233,evaluated,"[33,51,37]",False,,,0.4193403999997827,0.009115299999393756,0.0006126000007498078
Task04_Hippocampus,hippocampus_234,evaluated,"[38,49,36]",False,,,0.4085318000015832,0.00772549999965122,0.0006321999990177574
Task04_Hippocampus,hippocampus_235,evaluated,"[37,58,35]",False,,,0.4273051000000123,0.008324500000526314,0.0007182999997894512
Task04_Hippocampus,hippocampus_236,evaluated,"[37,57,35]",False,,,0.40502700000070035,0.008943000000726897,0.0005747000013798242
Task04_Hippocampus,hippocampus_238,evaluated,"[37,56,36]",False,,,0.539734199999657,0.010656200000084937,0.0005249999994703103
Task04_Hippocampus,hippocampus_242,evaluated,"[38,52,34]",False,,,0.4618441000002349,0.0067429999999149,0.0005225000004429603
Task04_Hippocampus,hippocampus_243,evaluated,"[34,53,24]",False,,,0.28754619999926945,0.008320999999341439,0.0004612000011547934
Task04_Hippocampus,hippocampus_244,evaluated,"[38,53,30]",False,,,0.37597139999888896,0.008676499999637599,0.0005192999997234438
Task04_Hippocampus,hippocampus_245,evaluated,"[35,48,42]",False,,,0.45399469999938447,0.009389699998791912,0.0007707000004302245
Task04_Hippocampus,hippocampus_248,evaluated,"[36,50,38]",False,,,0.4549189999997907,0.008789199999228003,0.0008118000005197246
Task04_Hippocampus,hippocampus_249,evaluated,"[32,52,34]",False,,,0.38042740000128106,0.01027329999851645,0.0008041000000957865
Task04_Hippocampus,hippocampus_250,evaluated,"[35,51,36]",False,,,0.4719746999999188,0.01010839999980817,0.0006412000002455898
Task04_Hippocampus,hippocampus_251,evaluated,"[36,58,28]",False,,,0.3356251000004704,0.00719550000030722,0.0005971999999019317
Task04_Hippocampus,hippocampus_252,evaluated,"[37,55,26]",False,,,0.3501216000004206,0.008544600001187064,0.0006897000002936693
Task04_Hippocampus,hippocampus_253,evaluated,"[34,51,31]",False,,,0.3744096999998874,0.008829099999275059,0.0007193999990704469
Task04_Hippocampus,hippocampus_257,evaluated,"[34,51,33]",False,,,0.4095721000012418,0.009103799999138573,0.0006787000002077548
Task04_Hippocampus,hippocampus_259,evaluated,"[33,51,28]",False,,,0.35860569999931613,0.009837100000368082,0.0006797000005462905
Task04_Hippocampus,hippocampus_260,evaluated,"[35,53,29]",False,,,0.35531749999972817,0.0089908000009018,0.0007380999995802995
Task04_Hippocampus,hippocampus_261,evaluated,"[36,58,33]",False,,,0.5119878999994398,0.010714899999584304,0.0007743000005575595
Task04_Hippocampus,hippocampus_263,evaluated,"[36,51,35]",False,,,0.41645470000003115,0.01092889999927138,0.0007260000002133893
Task04_Hippocampus,hippocampus_264,evaluated,"[38,51,37]",False,,,0.5027620000000752,0.0092568999989453,0.0005873999998584623
Task04_Hippocampus,hippocampus_265,evaluated,"[31,54,34]",False,,,0.3985904000001028,0.009610799999791197,0.0007641000011062715
Task04_Hippocampus,hippocampus_268,evaluated,"[34,51,37]",False,,,0.3881306000002951,0.009825200000705081,0.0005643000004056375
Task04_Hippocampus,hippocampus_269,evaluated,"[35,49,37]",False,,,0.4548276999994414,0.009499600000708597,0.0011374000005162088
Task04_Hippocampus,hippocampus_274,evaluated,"[35,40,40]",False,,,0.3696116000010079,0.013404999999693246,0.0007384000000456581
Task04_Hippocampus,hippocampus_276,evaluated,"[35,50,33]",False,,,0.425060300000041,0.007445999999617925,0.0005055999990872806
Task04_Hippocampus,hippocampus_277,evaluated,"[33,59,29]",False,,,0.44210370000109833,0.011294700001599267,0.0008094999993772944
Task04_Hippocampus,hippocampus_279,evaluated,"[34,50,32]",False,,,0.34611860000040906,0.010548599999310682,0.0008046000002650544
Task04_Hippocampus,hippocampus_280,evaluated,"[37,47,32]",False,,,0.3970296999996208,0.009635200000047917,0.0007578000004286878
Task04_Hippocampus,hippocampus_282,evaluated,"[37,52,32]",False,,,0.47395119999964663,0.009994000000006054,0.0008562000002712011
Task04_Hippocampus,hippocampus_286,evaluated,"[37,45,46]",False,,,0.42881599999964237,0.0107255000002624,0.0008963000000221655
Task04_Hippocampus,hippocampus_287,evaluated,"[37,50,39]",False,,,0.4058098000004975,0.007282399999894551,0.0006515999994007871
Task04_Hippocampus,hippocampus_288,evaluated,"[38,50,42]",False,,,0.5414821000013035,0.009151799999017385,0.0006382000010489719
Task04_Hippocampus,hippocampus_289,evaluated,"[35,49,36]",False,,,0.35652610000033746,0.007424699999319273,0.0006953000010980759
Task04_Hippocampus,hippocampus_290,evaluated,"[35,49,40]",False,,,0.40678549999938696,0.008285299998533446,0.0007390999999188352
Task04_Hippocampus,hippocampus_292,evaluated,"[38,52,33]",False,,,0.3940578000001551,0.008679900000061025,0.0006834999985585455
Task04_Hippocampus,hippocampus_294,evaluated,"[35,44,44]",False,,,0.4603624999999738,0.010906200001045363,0.0008519999992131488
Task04_Hippocampus,hippocampus_295,evaluated,"[35,53,36]",False,,,0.39151959999981045,0.008392600000661332,0.0006321000000752974
Task04_Hippocampus,hippocampus_296,evaluated,"[35,54,35]",False,,,0.3871622999995452,0.006991400001425063,0.0004288000000087777
Task04_Hippocampus,hippocampus_297,evaluated,"[34,51,30]",False,,,0.3545765999988362,0.0072534000009909505,0.0005215000001044245
Task04_Hippocampus,hippocampus_298,evaluated,"[37,50,33]",False,,,0.4086864999990212,0.00839780000023893,0.0005349000002752291
Task04_Hippocampus,hippocampus_299,evaluated,"[32,54,34]",False,,,0.3947752000003675,0.008412200000748271,0.0006831999999121763
Task04_Hippocampus,hippocampus_300,evaluated,"[34,53,35]",False,,,0.43721689999983937,0.008996399999887217,0.0005994999992253724
Task04_Hippocampus,hippocampus_301,evaluated,"[31,50,36]",False,,,0.335500500001217,0.009190000000671716,0.0005967000015516533
Task04_Hippocampus,hippocampus_302,evaluated,"[35,46,39]",False,,,0.39235740000003716,0.008394599999519414,0.0007387999994534766
Task04_Hippocampus,hippocampus_303,evaluated,"[35,48,38]",False,,,0.3648606999995536,0.008023800000955816,0.00047280000035243575
Task04_Hippocampus,hippocampus_304,evaluated,"[36,48,38]",False,,,0.38585669999883976,0.006888600000820588,0.0004709999993792735
Task04_Hippocampus,hippocampus_305,evaluated,"[34,49,30]",False,,,0.35211229999913485,0.0075938999998470536,0.0004953000006935326
Task04_Hippocampus,hippocampus_308,evaluated,"[38,48,40]",False,,,0.4536293000001024,0.00791410000056203,0.0005801999996037921
Task04_Hippocampus,hippocampus_309,evaluated,"[34,52,38]",False,,,0.40850329999921087,0.008497999999235617,0.0005036000002291985
Task04_Hippocampus,hippocampus_310,evaluated,"[35,52,38]",False,,,0.3814609000000928,0.007924800000182586,0.0005703000006178627
Task04_Hippocampus,hippocampus_311,evaluated,"[37,49,37]",False,,,0.3909547000002931,0.00805700000091747,0.0005118000008224044
Task04_Hippocampus,hippocampus_314,evaluated,"[37,53,33]",False,,,0.3840669000001071,0.008263800000349875,0.0005319000010786112
Task04_Hippocampus,hippocampus_316,evaluated,"[37,51,33]",False,,,0.46373700000003737,0.008933200000683428,0.0006709999997838167
Task04_Hippocampus,hippocampus_317,evaluated,"[33,51,34]",False,,,0.3877022000015131,0.008023700000194367,0.0006054000004951376
Task04_Hippocampus,hippocampus_318,evaluated,"[37,51,33]",False,,,0.43297160000111035,0.008633299999928568,0.0007046999999147374
Task04_Hippocampus,hippocampus_319,evaluated,"[33,48,34]",False,,,0.2957118000012997,0.0077194999994389946,0.0005637000012939097
Task04_Hippocampus,hippocampus_320,evaluated,"[33,47,34]",False,,,0.2962365999992471,0.006878899999719579,0.0004336000001785578
Task04_Hippocampus,hippocampus_321,evaluated,"[34,46,34]",False,,,0.3472658999999112,0.008387599998968653,0.0005629999996017432
Task04_Hippocampus,hippocampus_322,evaluated,"[38,47,37]",False,,,0.37957400000050256,0.008594299999458599,0.000556200000573881
Task04_Hippocampus,hippocampus_325,evaluated,"[35,51,40]",False,,,0.3897471999989648,0.008418600000368315,0.0006680999995296588
Task04_Hippocampus,hippocampus_326,evaluated,"[36,49,41]",False,,,0.5186094999990019,0.011123199999929057,0.0006974999996600673
Task04_Hippocampus,hippocampus_327,evaluated,"[36,54,27]",False,,,0.28414799999882234,0.008099299999230425,0.0007255999989865813
Task04_Hippocampus,hippocampus_328,evaluated,"[38,54,30]",False,,,0.3602712000010797,0.007253200001287041,0.0005242000006546732
Task04_Hippocampus,hippocampus_329,evaluated,"[34,53,32]",False,,,0.32060070000079577,0.007011199999396922,0.00042020000000775326
Task04_Hippocampus,hippocampus_330,evaluated,"[35,55,33]",False,,,0.45635519999996177,0.00895210000089719,0.0006771000007574912
Task04_Hippocampus,hippocampus_331,evaluated,"[35,52,33]",False,,,0.3395507999994152,0.008087600001090323,0.0006054999994375976
Task04_Hippocampus,hippocampus_332,evaluated,"[35,52,33]",False,,,0.3731121000000712,0.007607999999891035,0.0004573999995045597
Task04_Hippocampus,hippocampus_333,evaluated,"[33,46,38]",False,,,0.34616710000045714,0.008199199999580742,0.0004422000001795823
Task04_Hippocampus,hippocampus_334,evaluated,"[34,47,36]",False,,,0.3211639000001014,0.007868900000175927,0.0004862000005232403
Task04_Hippocampus,hippocampus_335,evaluated,"[32,47,41]",False,,,0.4088933000002726,0.008643799999845214,0.0006616999999096151
Task04_Hippocampus,hippocampus_336,evaluated,"[34,47,43]",False,,,0.43919239999922866,0.00925939999979164,0.0007113000010576798
Task04_Hippocampus,hippocampus_337,evaluated,"[33,44,41]",False,,,0.39823190000061004,0.009978899999623536,0.0008809000009932788
Task04_Hippocampus,hippocampus_338,evaluated,"[37,43,43]",False,,,0.43222120000064024,0.010129899999810732,0.0008357000006071758
Task04_Hippocampus,hippocampus_340,evaluated,"[35,46,38]",False,,,0.4100648000003275,0.008662599999297527,0.000702199999068398
Task04_Hippocampus,hippocampus_341,evaluated,"[34,48,35]",False,,,0.32387699999890174,0.00811749999957101,0.0006205000008776551
Task04_Hippocampus,hippocampus_343,evaluated,"[32,45,38]",False,,,0.3669583999999304,0.008242000001700944,0.0004882000012003118
Task04_Hippocampus,hippocampus_345,evaluated,"[32,49,30]",False,,,0.29657810000026075,0.007974199999807752,0.000457500000266009
Task04_Hippocampus,hippocampus_349,evaluated,"[34,50,34]",False,,,0.3602319000001444,0.008416099999521975,0.0005834000003233086
Task04_Hippocampus,hippocampus_350,evaluated,"[35,49,34]",False,,,0.4244855999986612,0.008885699999154895,0.0004502000010688789
Task04_Hippocampus,hippocampus_351,evaluated,"[35,51,35]",False,,,0.4292879000004177,0.00911669999914011,0.0008394000014959602
Task04_Hippocampus,hippocampus_352,evaluated,"[38,51,35]",False,,,0.4620807000010245,0.01002370000060182,0.0008961000003182562
Task04_Hippocampus,hippocampus_353,evaluated,"[32,51,31]",False,,,0.3405664000001707,0.00945040000078734,0.000745099998312071
Task04_Hippocampus,hippocampus_354,evaluated,"[36,50,32]",False,,,0.3636065000009694,0.009914700000081211,0.0006255999996938044
Task04_Hippocampus,hippocampus_355,evaluated,"[33,47,38]",False,,,0.36748569999872416,0.007930300000225543,0.000628800000413321
Task04_Hippocampus,hippocampus_356,evaluated,"[36,51,37]",False,,,0.44447240000044985,0.008396400000492577,0.0006940000002941815
Task04_Hippocampus,hippocampus_358,evaluated,"[35,50,34]",False,,,0.34282010000060836,0.0077610999996977625,0.0005806000008306
Task04_Hippocampus,hippocampus_359,evaluated,"[35,49,35]",False,,,0.3535546000002796,0.008116299999528565,0.0004970000009052455
Task04_Hippocampus,hippocampus_360,evaluated,"[34,49,37]",False,,,0.3687654000004841,0.008709300000191433,0.0006520999995700549
Task04_Hippocampus,hippocampus_361,evaluated,"[36,50,33]",False,,,0.410015100000237,0.0076575000002776505,0.0006952000003366265
Task04_Hippocampus,hippocampus_363,evaluated,"[38,52,35]",False,,,0.4106238000003941,0.00948419999986072,0.0008030999997572508
Task04_Hippocampus,hippocampus_366,evaluated,"[37,47,34]",False,,,0.3917612999994162,0.009056999999302207,0.000741300000299816
Task04_Hippocampus,hippocampus_367,evaluated,"[36,57,37]",False,,,0.8152662000011333,0.010144199999558623,0.0008326000006491086
Task04_Hippocampus,hippocampus_368,evaluated,"[38,55,40]",False,,,0.6878828999997495,0.010037899999588262,0.0007998000000952743
Task04_Hippocampus,hippocampus_370,evaluated,"[35,50,36]",False,,,0.4369215999995504,0.011184400000274763,0.0009131000006163958
Task04_Hippocampus,hippocampus_372,evaluated,"[36,50,34]",False,,,0.45045659999959753,0.008868700000675744,0.0005686999993486097
Task04_Hippocampus,hippocampus_373,evaluated,"[34,49,35]",False,,,0.46695480000016687,0.01091900000028545,0.0007460000015271362
Task04_Hippocampus,hippocampus_374,evaluated,"[38,48,39]",False,,,0.39492450000034296,0.010646299999280018,0.0008569000001443783
Task04_Hippocampus,hippocampus_375,evaluated,"[32,54,34]",False,,,0.22698029999992286,0.0048516999995626975,0.0005043000001023756
Task04_Hippocampus,hippocampus_376,evaluated,"[35,55,37]",False,,,0.33909980000134965,0.004898899998806883,0.00043310000000928994
Task04_Hippocampus,hippocampus_378,evaluated,"[35,52,34]",False,,,0.2189211000004434,0.0050449999998818384,0.00039090000063879415
Task04_Hippocampus,hippocampus_380,evaluated,"[35,46,42]",False,,,0.3110015000002022,0.004873300000326708,0.0003687999997055158
Task04_Hippocampus,hippocampus_381,evaluated,"[33,49,37]",False,,,0.2488059000006615,0.004795599999852129,0.0004681999998865649
Task04_Hippocampus,hippocampus_383,evaluated,"[33,55,29]",False,,,0.2992666999998619,0.004682499999034917,0.00036410000029718503
Task04_Hippocampus,hippocampus_385,evaluated,"[35,48,40]",False,,,0.39552809999986493,0.0070092999994813,0.0007458999989466975
Task04_Hippocampus,hippocampus_386,evaluated,"[37,45,40]",False,,,0.2729726000015944,0.004745399999592337,0.0003998000011051772
Task04_Hippocampus,hippocampus_387,evaluated,"[33,51,32]",False,,,0.2163927000001422,0.004648299998734728,0.00044779999916499946
Task04_Hippocampus,hippocampus_389,evaluated,"[34,49,32]",False,,,0.21184370000082708,0.004513100000622217,0.0003403999999136431
Task04_Hippocampus,hippocampus_390,evaluated,"[38,51,33]",False,,,0.25128289999884146,0.0052550000000337604,0.00037030000021331944
Task04_Hippocampus,hippocampus_393,evaluated,"[36,51,31]",False,,,0.2187792000004265,0.004463799999939511,0.00039199999991978984
Task04_Hippocampus,hippocampus_394,evaluated,"[36,52,32]",False,,,0.2295324000006076,0.005142500000147265,0.0003884999987349147
Task09_Spleen,spleen_10,evaluated,"[512,512,55]",True,,,25.432375800000955,0.3478033999999752,0.02000930000031076
Task09_Spleen,spleen_12,evaluated,"[512,512,168]",True,,,47.882834099998945,1.4134694999993371,0.07292609999967681
Task09_Spleen,spleen_13,evaluated,"[512,512,77]",True,,,27.072866900000008,0.6089345000000321,0.03109490000133519
Task09_Spleen,spleen_14,evaluated,"[512,512,54]",False,,,13.173518700001296,0.4218578999989404,0.022597400000449852
Task09_Spleen,spleen_16,evaluated,"[512,512,61]",False,,,7.499485600001208,0.44452869999986433,0.023252000000866246
Task09_Spleen,spleen_17,evaluated,"[512,512,95]",False,,,4.036293500001193,0.7548802999990585,0.036690099999759695
Task09_Spleen,spleen_18,evaluated,"[512,512,164]",False,,,16.493108500000744,1.9316994000000705,0.3214322000003449
Task09_Spleen,spleen_19,evaluated,"[512,512,51]",False,,,14.504439100001036,0.8469240000013087,0.031292600000597304
Task09_Spleen,spleen_2,evaluated,"[512,512,90]",False,,,15.53146629999901,1.1389263000000938,0.047551499999826774
Task09_Spleen,spleen_20,evaluated,"[512,512,168]",False,,,16.198665699999765,2.153284399999393,0.0957905999985087
Task09_Spleen,spleen_21,evaluated,"[512,512,89]",False,,,9.903895400000692,1.4775377000005392,0.07250270000076853
Task09_Spleen,spleen_22,evaluated,"[512,512,148]",False,,,12.915675500000361,2.01495419999992,0.10784459999922547
Task09_Spleen,spleen_24,evaluated,"[512,512,94]",False,,,3.923758099999759,0.7644116999999824,0.037075100000947714
Task09_Spleen,spleen_25,evaluated,"[512,512,87]",False,,,3.7794919999996637,0.632339800000409,0.03336689999923692
Task09_Spleen,spleen_26,evaluated,"[512,512,65]",False,,,4.008489300000292,0.44890339999983553,0.023724200000287965
Task09_Spleen,spleen_27,evaluated,"[512,512,119]",False,,,5.765599699998347,0.8913116000003356,0.04133719999845198
Task09_Spleen,spleen_28,evaluated,"[512,512,44]",False,,,4.099743700000545,0.26772979999987,0.016260800000964082
Task09_Spleen,spleen_29,evaluated,"[512,512,103]",False,,,6.0442856999998185,0.749360700001489,0.03617409999969823
Task09_Spleen,spleen_3,evaluated,"[512,512,40]",False,,,5.984594100000322,0.2439052999998239,0.015062899999975343
Task09_Spleen,spleen_31,evaluated,"[512,512,56]",False,,,13.034123999999792,0.6168701999995392,0.030219899999792688
Task09_Spleen,spleen_32,evaluated,"[512,512,104]",False,,,18.682388100000026,1.2542059999996127,0.05455160000019532
Task09_Spleen,spleen_33,evaluated,"[512,512,83]",False,,,13.540224600001238,1.2789910999999847,0.10165130000132194
Task09_Spleen,spleen_38,evaluated,"[512,512,100]",False,,,5.172023099999933,0.8931211999988591,0.04001599999901373
Task09_Spleen,spleen_40,evaluated,"[512,512,93]",False,,,5.640098299998499,0.7311478999999963,0.034302399999432964
Task09_Spleen,spleen_41,evaluated,"[512,512,94]",False,,,7.6959636000010505,0.7955422000013641,0.03593120000005001
Task09_Spleen,spleen_44,evaluated,"[512,512,92]",False,,,6.3553694000002,0.7617043999998714,0.03878630000144767
Task09_Spleen,spleen_45,evaluated,"[512,512,112]",False,,,8.327168799998617,0.9936243000011018,0.042748899999423884
Task09_Spleen,spleen_46,evaluated,"[512,512,99]",False,,,6.246323700001085,0.8908711999993102,0.040967900000396185
Task09_Spleen,spleen_47,evaluated,"[512,512,88]",False,,,9.863953699999911,0.7090066000000661,0.03214459999981045
Task09_Spleen,spleen_49,evaluated,"[512,512,61]",False,,,9.696233999999095,0.46920569999929285,0.022829200001069694
Task09_Spleen,spleen_52,evaluated,"[512,512,112]",False,,,6.785871599999155,0.9604822999990574,0.040834600000380306
Task09_Spleen,spleen_53,evaluated,"[512,512,156]",False,,,7.593147300000055,1.587693199999194,0.05957759999910195
Task09_Spleen,spleen_56,evaluated,"[512,512,33]",False,,,3.7564956000005623,0.25850700000046345,0.015045899999677204
Task09_Spleen,spleen_59,evaluated,"[512,512,50]",False,,,12.073920000000726,0.34788899999875866,0.022076100000049337
Task09_Spleen,spleen_6,evaluated,"[512,512,135]",False,,,8.081425899999886,1.0916629999992438,0.050474399999075104
Task09_Spleen,spleen_60,evaluated,"[512,512,97]",False,,,9.920619000000443,0.7862814999989496,0.03717239999969024
Task09_Spleen,spleen_61,evaluated,"[512,512,101]",False,,,6.314209899999696,0.7702855999996245,0.036946399999578716
Task09_Spleen,spleen_62,evaluated,"[512,512,80]",False,,,8.92195510000056,0.5825815000007424,0.029001700000662822
Task09_Spleen,spleen_63,evaluated,"[512,512,60]",False,,,9.286377600001288,0.4413263000005827,0.026366900001448812
Task09_Spleen,spleen_8,evaluated,"[512,512,31]",False,,,12.549231600001804,0.19394929999907617,0.012257999998837477
Task09_Spleen,spleen_9,evaluated,"[512,512,41]",False,,,8.166729500000656,0.24603409999872383,0.01645730000018375
